learnerID,sitesVisited,step,node,pr(rr),pr(fr),pr(sr),rr,fr,sr,ratingValue,nodeValue
2,8,1,0,0.201,0.881,1,0.138458252,0.743133545,0.078033447,1,0.438629423
2,8,1,1,0.201,0.881,1,0.138458252,0.743133545,0.078033447,1,0.403720679
2,8,1,2,0.201,0.881,1,0.138458252,0.743133545,0.078033447,1,0.391894575
2,8,1,3,0.201,0.881,1,0.138458252,0.743133545,0.078033447,1,0.335371792
2,8,1,4,0.201,0.881,1,0.138458252,0.743133545,0.078033447,1,0.422585698
2,8,1,5,0.201,0.881,1,0.138458252,0.743133545,0.078033447,1,0.420061745
2,8,1,6,0.201,0.881,1,0.138458252,0.743133545,0.078033447,1,0.374570232
2,8,1,7,0.201,0.881,1,0.138458252,0.743133545,0.078033447,1,0.386977877
2,8,1,8,0.201,0.881,1,0.138458252,0.743133545,0.078033447,1,0.427610552
2,8,1,9,0.201,0.881,1,0.138458252,0.743133545,0.078033447,1,0.353629311
2,8,5,0,0.201,0.881,1,0.061889648,0.812072754,0.259094238,2,0.469314711
2,8,5,1,0.201,0.881,1,0.061889648,0.812072754,0.259094238,2,0.451860339
2,8,5,2,0.201,0.881,1,0.061889648,0.812072754,0.259094238,2,0.445947287
2,8,5,3,0.201,0.881,1,0.061889648,0.812072754,0.259094238,2,0.417685896
2,8,5,4,0.201,0.881,1,0.061889648,0.812072754,0.259094238,2,0.461292849
2,8,5,5,0.201,0.881,1,0.061889648,0.812072754,0.259094238,2,0.460030873
2,8,5,6,0.201,0.881,1,0.061889648,0.812072754,0.259094238,2,0.437285116
2,8,5,7,0.201,0.881,1,0.061889648,0.812072754,0.259094238,2,0.443488938
2,8,5,8,0.201,0.881,1,0.061889648,0.812072754,0.259094238,2,0.463805276
2,8,5,9,0.201,0.881,1,0.061889648,0.812072754,0.259094238,2,0.426814655
3,10,0,0,0.215,0.875,1,0.207366943,0.160888672,0.239257813,3,0.645662448
3,10,0,1,0.215,0.875,1,0.207366943,0.160888672,0.239257813,3,0.591789428
3,10,0,2,0.215,0.875,1,0.207366943,0.160888672,0.239257813,3,0.563749242
3,10,0,3,0.215,0.875,1,0.207366943,0.160888672,0.239257813,3,0.656703712
3,10,0,4,0.215,0.875,1,0.207366943,0.160888672,0.239257813,3,0.503020232
3,10,0,5,0.215,0.875,1,0.207366943,0.160888672,0.239257813,3,0.666734742
3,10,0,6,0.215,0.875,1,0.207366943,0.160888672,0.239257813,3,0.471280422
3,10,0,7,0.215,0.875,1,0.207366943,0.160888672,0.239257813,3,0.647531039
3,10,0,8,0.215,0.875,1,0.207366943,0.160888672,0.239257813,3,0.657738294
3,10,0,9,0.215,0.875,1,0.207366943,0.160888672,0.239257813,3,0.574168562
3,10,2,0,0.215,0.875,1,0.143127441,0.747619629,0.350585938,4,0.741358698
3,10,2,1,0.215,0.875,1,0.143127441,0.747619629,0.350585938,4,0.784345493
3,10,2,2,0.215,0.875,1,0.143127441,0.747619629,0.350585938,4,0.688558072
3,10,2,3,0.215,0.875,1,0.143127441,0.747619629,0.350585938,4,0.792879076
3,10,2,4,0.215,0.875,1,0.143127441,0.747619629,0.350585938,4,0.748157956
3,10,2,5,0.215,0.875,1,0.143127441,0.747619629,0.350585938,4,0.69712863
3,10,2,6,0.215,0.875,1,0.143127441,0.747619629,0.350585938,4,0.712045906
3,10,2,7,0.215,0.875,1,0.143127441,0.747619629,0.350585938,4,0.808854135
3,10,2,8,0.215,0.875,1,0.143127441,0.747619629,0.350585938,4,0.669433907
3,10,2,9,0.215,0.875,1,0.143127441,0.747619629,0.350585938,4,0.773143225
3,10,5,0,0.215,0.875,1,0.004211426,0.676025391,0.721038818,4,0.858980736
3,10,5,1,0.215,0.875,1,0.004211426,0.676025391,0.721038818,4,0.882847172
3,10,5,2,0.215,0.875,1,0.004211426,0.676025391,0.721038818,4,0.837598899
3,10,5,3,0.215,0.875,1,0.004211426,0.676025391,0.721038818,4,0.859305046
3,10,5,4,0.215,0.875,1,0.004211426,0.676025391,0.721038818,4,0.864843579
3,10,5,5,0.215,0.875,1,0.004211426,0.676025391,0.721038818,4,0.707259195
3,10,5,6,0.215,0.875,1,0.004211426,0.676025391,0.721038818,4,0.851271802
3,10,5,7,0.215,0.875,1,0.004211426,0.676025391,0.721038818,4,0.884453519
3,10,5,8,0.215,0.875,1,0.004211426,0.676025391,0.721038818,4,0.750667496
3,10,5,9,0.215,0.875,1,0.004211426,0.676025391,0.721038818,4,0.859953271
4,13,0,0,0.229,0.865,1,0.05657959,0.627227783,0.748718262,2,0.679490368
4,13,0,1,0.229,0.865,1,0.05657959,0.627227783,0.748718262,2,0.691423586
4,13,0,2,0.229,0.865,1,0.05657959,0.627227783,0.748718262,2,0.66879945
4,13,0,3,0.229,0.865,1,0.05657959,0.627227783,0.748718262,2,0.679652523
4,13,0,4,0.229,0.865,1,0.05657959,0.627227783,0.748718262,2,0.68242179
4,13,0,5,0.229,0.865,1,0.05657959,0.627227783,0.748718262,2,0.603629598
4,13,0,6,0.229,0.865,1,0.05657959,0.627227783,0.748718262,2,0.675635901
4,13,0,7,0.229,0.865,1,0.05657959,0.627227783,0.748718262,2,0.692226759
4,13,0,8,0.229,0.865,1,0.05657959,0.627227783,0.748718262,2,0.625333748
4,13,0,9,0.229,0.865,1,0.05657959,0.627227783,0.748718262,2,0.679976636
4,13,1,0,0.229,0.865,1,0.208282471,0.193969727,0.272460938,1,0.418536013
4,13,1,1,0.229,0.865,1,0.208282471,0.193969727,0.272460938,1,0.491097565
4,13,1,2,0.229,0.865,1,0.208282471,0.193969727,0.272460938,1,0.436999673
4,13,1,3,0.229,0.865,1,0.208282471,0.193969727,0.272460938,1,0.507338954
4,13,1,4,0.229,0.865,1,0.208282471,0.193969727,0.272460938,1,0.454801209
4,13,1,5,0.229,0.865,1,0.208282471,0.193969727,0.272460938,1,0.546412794
4,13,1,6,0.229,0.865,1,0.208282471,0.193969727,0.272460938,1,0.586336606
4,13,1,7,0.229,0.865,1,0.208282471,0.193969727,0.272460938,1,0.547684034
4,13,1,8,0.229,0.865,1,0.208282471,0.193969727,0.272460938,1,0.433928827
4,13,1,9,0.229,0.865,1,0.208282471,0.193969727,0.272460938,1,0.488275497
4,13,8,0,0.229,0.865,1,0.199676514,0.260253906,0.742004395,4,0.703943006
4,13,8,1,0.229,0.865,1,0.199676514,0.260253906,0.742004395,4,0.740253573
4,13,8,2,0.229,0.865,1,0.199676514,0.260253906,0.742004395,4,0.706784662
4,13,8,3,0.229,0.865,1,0.199676514,0.260253906,0.742004395,4,0.747107158
4,13,8,4,0.229,0.865,1,0.199676514,0.260253906,0.742004395,4,0.588804414
4,13,8,5,0.229,0.865,1,0.199676514,0.260253906,0.742004395,4,0.768584843
4,13,8,6,0.229,0.865,1,0.199676514,0.260253906,0.742004395,4,0.736457242
4,13,8,7,0.229,0.865,1,0.199676514,0.260253906,0.742004395,4,0.769670701
4,13,8,8,0.229,0.865,1,0.199676514,0.260253906,0.742004395,4,0.696752916
4,13,8,9,0.229,0.865,1,0.199676514,0.260253906,0.742004395,4,0.567453194
4,13,12,0,0.229,0.865,1,0.173095703,0.315734863,0.4402771,4,0.770498977
4,13,12,1,0.229,0.865,1,0.173095703,0.315734863,0.4402771,4,0.858577565
4,13,12,2,0.229,0.865,1,0.173095703,0.315734863,0.4402771,4,0.760075782
4,13,12,3,0.229,0.865,1,0.173095703,0.315734863,0.4402771,4,0.838080799
4,13,12,4,0.229,0.865,1,0.173095703,0.315734863,0.4402771,4,0.791050046
4,13,12,5,0.229,0.865,1,0.173095703,0.315734863,0.4402771,4,0.748053681
4,13,12,6,0.229,0.865,1,0.173095703,0.315734863,0.4402771,4,0.844634317
4,13,12,7,0.229,0.865,1,0.173095703,0.315734863,0.4402771,4,0.869923966
4,13,12,8,0.229,0.865,1,0.173095703,0.315734863,0.4402771,4,0.688941219
4,13,12,9,0.229,0.865,1,0.173095703,0.315734863,0.4402771,4,0.769785541
5,9,3,0,0.22,0.871,1,0.113372803,0.204345703,0.902313232,3,0.818231276
5,9,3,1,0.22,0.871,1,0.113372803,0.204345703,0.902313232,3,0.868709807
5,9,3,2,0.22,0.871,1,0.113372803,0.204345703,0.902313232,3,0.827919434
5,9,3,3,0.22,0.871,1,0.113372803,0.204345703,0.902313232,3,0.80867779
5,9,3,4,0.22,0.871,1,0.113372803,0.204345703,0.902313232,3,0.835209104
5,9,3,5,0.22,0.871,1,0.113372803,0.204345703,0.902313232,3,0.68121851
5,9,3,6,0.22,0.871,1,0.113372803,0.204345703,0.902313232,3,0.877712868
5,9,3,7,0.22,0.871,1,0.113372803,0.204345703,0.902313232,3,0.850250067
5,9,3,8,0.22,0.871,1,0.113372803,0.204345703,0.902313232,3,0.689412976
5,9,3,9,0.22,0.871,1,0.113372803,0.204345703,0.902313232,3,0.789054322
5,9,5,0,0.22,0.871,1,0.185455322,0.030059814,0.810943604,0,0.414440638
5,9,5,1,0.22,0.871,1,0.185455322,0.030059814,0.810943604,0,0.439650113
5,9,5,2,0.22,0.871,1,0.185455322,0.030059814,0.810943604,0,0.425674891
5,9,5,3,0.22,0.871,1,0.185455322,0.030059814,0.810943604,0,0.410901214
5,9,5,4,0.22,0.871,1,0.185455322,0.030059814,0.810943604,0,0.556200743
5,9,5,5,0.22,0.871,1,0.185455322,0.030059814,0.810943604,0,0.345230809
5,9,5,6,0.22,0.871,1,0.185455322,0.030059814,0.810943604,0,0.495567495
5,9,5,7,0.22,0.871,1,0.185455322,0.030059814,0.810943604,0,0.42929635
5,9,5,8,0.22,0.871,1,0.185455322,0.030059814,0.810943604,0,0.364917985
5,9,5,9,0.22,0.871,1,0.185455322,0.030059814,0.810943604,0,0.571211715
5,9,8,0,0.22,0.871,1,0.216522217,0.352233887,0.922363281,0,0.210858735
5,9,8,1,0.22,0.871,1,0.216522217,0.352233887,0.922363281,0,0.386952065
5,9,8,2,0.22,0.871,1,0.216522217,0.352233887,0.922363281,0,0.404286561
5,9,8,3,0.22,0.871,1,0.216522217,0.352233887,0.922363281,0,0.374228282
5,9,8,4,0.22,0.871,1,0.216522217,0.352233887,0.922363281,0,0.283469717
5,9,8,5,0.22,0.871,1,0.216522217,0.352233887,0.922363281,0,0.202416511
5,9,8,6,0.22,0.871,1,0.216522217,0.352233887,0.922363281,0,0.281562837
5,9,8,7,0.22,0.871,1,0.216522217,0.352233887,0.922363281,0,0.234524293
5,9,8,8,0.22,0.871,1,0.216522217,0.352233887,0.922363281,0,0.187728056
5,9,8,9,0.22,0.871,1,0.216522217,0.352233887,0.922363281,0,0.340157478
6,19,0,0,0.22,0.863,1,0.185699463,0.719238281,0.035339355,2,0.355429367
6,19,0,1,0.22,0.863,1,0.185699463,0.719238281,0.035339355,2,0.443476032
6,19,0,2,0.22,0.863,1,0.185699463,0.719238281,0.035339355,2,0.45214328
6,19,0,3,0.22,0.863,1,0.185699463,0.719238281,0.035339355,2,0.437114141
6,19,0,4,0.22,0.863,1,0.185699463,0.719238281,0.035339355,2,0.391734858
6,19,0,5,0.22,0.863,1,0.185699463,0.719238281,0.035339355,2,0.351208255
6,19,0,6,0.22,0.863,1,0.185699463,0.719238281,0.035339355,2,0.390781418
6,19,0,7,0.22,0.863,1,0.185699463,0.719238281,0.035339355,2,0.367262146
6,19,0,8,0.22,0.863,1,0.185699463,0.719238281,0.035339355,2,0.343864028
6,19,0,9,0.22,0.863,1,0.185699463,0.719238281,0.035339355,2,0.420078739
6,19,2,0,0.22,0.863,1,0.189666748,0.574157715,0.24911499,3,0.598923854
6,19,2,1,0.22,0.863,1,0.189666748,0.574157715,0.24911499,3,0.576352244
6,19,2,2,0.22,0.863,1,0.189666748,0.574157715,0.24911499,3,0.623471692
6,19,2,3,0.22,0.863,1,0.189666748,0.574157715,0.24911499,3,0.551044378
6,19,2,4,0.22,0.863,1,0.189666748,0.574157715,0.24911499,3,0.582277115
6,19,2,5,0.22,0.863,1,0.189666748,0.574157715,0.24911499,3,0.431006132
6,19,2,6,0.22,0.863,1,0.189666748,0.574157715,0.24911499,3,0.446872054
6,19,2,7,0.22,0.863,1,0.189666748,0.574157715,0.24911499,3,0.482060419
6,19,2,8,0.22,0.863,1,0.189666748,0.574157715,0.24911499,3,0.550670061
6,19,2,9,0.22,0.863,1,0.189666748,0.574157715,0.24911499,3,0.56175219
6,19,3,0,0.22,0.863,1,0.048187256,0.176635742,0.278106689,3,0.710467019
6,19,3,1,0.22,0.863,1,0.048187256,0.176635742,0.278106689,3,0.654035381
6,19,3,2,0.22,0.863,1,0.048187256,0.176635742,0.278106689,3,0.652511445
6,19,3,3,0.22,0.863,1,0.048187256,0.176635742,0.278106689,3,0.723382952
6,19,3,4,0.22,0.863,1,0.048187256,0.176635742,0.278106689,3,0.563512365
6,19,3,5,0.22,0.863,1,0.048187256,0.176635742,0.278106689,3,0.652222372
6,19,3,6,0.22,0.863,1,0.048187256,0.176635742,0.278106689,3,0.476073891
6,19,3,7,0.22,0.863,1,0.048187256,0.176635742,0.278106689,3,0.666816779
6,19,3,8,0.22,0.863,1,0.048187256,0.176635742,0.278106689,3,0.701170686
6,19,3,9,0.22,0.863,1,0.048187256,0.176635742,0.278106689,3,0.641637329
6,19,10,0,0.22,0.863,1,0.152130127,0.499786377,0.029205322,1,0.406254387
6,19,10,1,0.22,0.863,1,0.152130127,0.499786377,0.029205322,1,0.383841511
6,19,10,2,0.22,0.863,1,0.152130127,0.499786377,0.029205322,1,0.54366227
6,19,10,3,0.22,0.863,1,0.152130127,0.499786377,0.029205322,1,0.544408908
6,19,10,4,0.22,0.863,1,0.152130127,0.499786377,0.029205322,1,0.367542956
6,19,10,5,0.22,0.863,1,0.152130127,0.499786377,0.029205322,1,0.553671235
6,19,10,6,0.22,0.863,1,0.152130127,0.499786377,0.029205322,1,0.33853426
6,19,10,7,0.22,0.863,1,0.152130127,0.499786377,0.029205322,1,0.571548472
6,19,10,8,0.22,0.863,1,0.152130127,0.499786377,0.029205322,1,0.568811351
6,19,10,9,0.22,0.863,1,0.152130127,0.499786377,0.029205322,1,0.361156629
6,19,14,0,0.22,0.863,1,0.07019043,0.295379639,0.612030029,0,0.214825807
6,19,14,1,0.22,0.863,1,0.07019043,0.295379639,0.612030029,0,0.20124633
6,19,14,2,0.22,0.863,1,0.07019043,0.295379639,0.612030029,0,0.278511272
6,19,14,3,0.22,0.863,1,0.07019043,0.295379639,0.612030029,0,0.309338946
6,19,14,4,0.22,0.863,1,0.07019043,0.295379639,0.612030029,0,0.193006876
6,19,14,5,0.22,0.863,1,0.07019043,0.295379639,0.612030029,0,0.418140737
6,19,14,6,0.22,0.863,1,0.07019043,0.295379639,0.612030029,0,0.174018281
6,19,14,7,0.22,0.863,1,0.07019043,0.295379639,0.612030029,0,0.305747785
6,19,14,8,0.22,0.863,1,0.07019043,0.295379639,0.612030029,0,0.368455133
6,19,14,9,0.22,0.863,1,0.07019043,0.295379639,0.612030029,0,0.207196656
8,10,5,0,0.223,0.887,1,0.034698486,0.325927734,0.141082764,4,0.525940378
8,10,5,1,0.223,0.887,1,0.034698486,0.325927734,0.141082764,4,0.589073944
8,10,5,2,0.223,0.887,1,0.034698486,0.325927734,0.141082764,4,0.545939087
8,10,5,3,0.223,0.887,1,0.034698486,0.325927734,0.141082764,4,0.619196693
8,10,5,4,0.223,0.887,1,0.034698486,0.325927734,0.141082764,4,0.593151278
8,10,5,5,0.223,0.887,1,0.034698486,0.325927734,0.141082764,4,0.572831628
8,10,5,6,0.223,0.887,1,0.034698486,0.325927734,0.141082764,4,0.563414836
8,10,5,7,0.223,0.887,1,0.034698486,0.325927734,0.141082764,4,0.637962508
8,10,5,8,0.223,0.887,1,0.034698486,0.325927734,0.141082764,4,0.524792327
8,10,5,9,0.223,0.887,1,0.034698486,0.325927734,0.141082764,4,0.589657272
9,13,0,0,0.199,0.871,1,0.197692871,0.10836792,0.122955322,2,0.512970189
9,13,0,1,0.199,0.871,1,0.197692871,0.10836792,0.122955322,2,0.544536972
9,13,0,2,0.199,0.871,1,0.197692871,0.10836792,0.122955322,2,0.522969544
9,13,0,3,0.199,0.871,1,0.197692871,0.10836792,0.122955322,2,0.559598346
9,13,0,4,0.199,0.871,1,0.197692871,0.10836792,0.122955322,2,0.546575639
9,13,0,5,0.199,0.871,1,0.197692871,0.10836792,0.122955322,2,0.536415814
9,13,0,6,0.199,0.871,1,0.197692871,0.10836792,0.122955322,2,0.531707418
9,13,0,7,0.199,0.871,1,0.197692871,0.10836792,0.122955322,2,0.568981254
9,13,0,8,0.199,0.871,1,0.197692871,0.10836792,0.122955322,2,0.512396163
9,13,0,9,0.199,0.871,1,0.197692871,0.10836792,0.122955322,2,0.544828636
9,13,8,0,0.199,0.871,1,0.074371338,0.640594482,0.775299072,1,0.307505972
9,13,8,1,0.199,0.871,1,0.074371338,0.640594482,0.775299072,1,0.329092306
9,13,8,2,0.199,0.871,1,0.074371338,0.640594482,0.775299072,1,0.478891319
9,13,8,3,0.199,0.871,1,0.074371338,0.640594482,0.775299072,1,0.462516605
9,13,8,4,0.199,0.871,1,0.074371338,0.640594482,0.775299072,1,0.359074592
9,13,8,5,0.199,0.871,1,0.074371338,0.640594482,0.775299072,1,0.495767956
9,13,8,6,0.199,0.871,1,0.074371338,0.640594482,0.775299072,1,0.366351024
9,13,8,7,0.199,0.871,1,0.074371338,0.640594482,0.775299072,1,0.52263071
9,13,8,8,0.199,0.871,1,0.074371338,0.640594482,0.775299072,1,0.474424089
9,13,8,9,0.199,0.871,1,0.074371338,0.640594482,0.775299072,1,0.312752282
11,2,0,0,0.194,0.867,1,0.075805664,0.267211914,0.386505127,4,0.642054372
11,2,0,1,0.194,0.867,1,0.075805664,0.267211914,0.386505127,4,0.655220578
11,2,0,2,0.194,0.867,1,0.075805664,0.267211914,0.386505127,4,0.732765522
11,2,0,3,0.194,0.867,1,0.075805664,0.267211914,0.386505127,4,0.694123811
11,2,0,4,0.194,0.867,1,0.075805664,0.267211914,0.386505127,4,0.670301898
11,2,0,5,0.194,0.867,1,0.075805664,0.267211914,0.386505127,4,0.606578858
11,2,0,6,0.194,0.867,1,0.075805664,0.267211914,0.386505127,4,0.678424361
11,2,0,7,0.194,0.867,1,0.075805664,0.267211914,0.386505127,4,0.741341806
11,2,0,8,0.194,0.867,1,0.075805664,0.267211914,0.386505127,4,0.653162587
11,2,0,9,0.194,0.867,1,0.075805664,0.267211914,0.386505127,4,0.6297578
11,2,1,0,0.194,0.867,1,0.183868408,0.268890381,0.724212646,0,0.445798175
11,2,1,1,0.194,0.867,1,0.183868408,0.268890381,0.724212646,0,0.34301012
11,2,1,2,0.194,0.867,1,0.183868408,0.268890381,0.724212646,0,0.374046824
11,2,1,3,0.194,0.867,1,0.183868408,0.268890381,0.724212646,0,0.351490566
11,2,1,4,0.194,0.867,1,0.183868408,0.268890381,0.724212646,0,0.450836429
11,2,1,5,0.194,0.867,1,0.183868408,0.268890381,0.724212646,0,0.322989782
11,2,1,6,0.194,0.867,1,0.183868408,0.268890381,0.724212646,0,0.35326675
11,2,1,7,0.194,0.867,1,0.183868408,0.268890381,0.724212646,0,0.384518016
11,2,1,8,0.194,0.867,1,0.183868408,0.268890381,0.724212646,0,0.364995706
11,2,1,9,0.194,0.867,1,0.183868408,0.268890381,0.724212646,0,0.339719614
12,19,4,0,0.221,0.877,1,0.13571167,0.007476807,0.221557617,2,0.472899088
12,19,4,1,0.221,0.877,1,0.13571167,0.007476807,0.221557617,2,0.42150506
12,19,4,2,0.221,0.877,1,0.13571167,0.007476807,0.221557617,2,0.437023412
12,19,4,3,0.221,0.877,1,0.13571167,0.007476807,0.221557617,2,0.425745283
12,19,4,4,0.221,0.877,1,0.13571167,0.007476807,0.221557617,2,0.475418215
12,19,4,5,0.221,0.877,1,0.13571167,0.007476807,0.221557617,2,0.411494891
12,19,4,6,0.221,0.877,1,0.13571167,0.007476807,0.221557617,2,0.426633375
12,19,4,7,0.221,0.877,1,0.13571167,0.007476807,0.221557617,2,0.442259008
12,19,4,8,0.221,0.877,1,0.13571167,0.007476807,0.221557617,2,0.432497853
12,19,4,9,0.221,0.877,1,0.13571167,0.007476807,0.221557617,2,0.419859807
12,19,6,0,0.221,0.877,1,0.190185547,0.124084473,0.209899902,2,0.486449544
12,19,6,1,0.221,0.877,1,0.190185547,0.124084473,0.209899902,2,0.46075253
12,19,6,2,0.221,0.877,1,0.190185547,0.124084473,0.209899902,2,0.468511706
12,19,6,3,0.221,0.877,1,0.190185547,0.124084473,0.209899902,2,0.462872641
12,19,6,4,0.221,0.877,1,0.190185547,0.124084473,0.209899902,2,0.487709107
12,19,6,5,0.221,0.877,1,0.190185547,0.124084473,0.209899902,2,0.455747446
12,19,6,6,0.221,0.877,1,0.190185547,0.124084473,0.209899902,2,0.463316688
12,19,6,7,0.221,0.877,1,0.190185547,0.124084473,0.209899902,2,0.471129504
12,19,6,8,0.221,0.877,1,0.190185547,0.124084473,0.209899902,2,0.466248926
12,19,6,9,0.221,0.877,1,0.190185547,0.124084473,0.209899902,2,0.459929904
13,8,0,0,0.232,0.87,1,0.154022217,0.258453369,0.682678223,4,0.5415708
13,8,0,1,0.232,0.87,1,0.154022217,0.258453369,0.682678223,4,0.71623937
13,8,0,2,0.232,0.87,1,0.154022217,0.258453369,0.682678223,4,0.727930856
13,8,0,3,0.232,0.87,1,0.154022217,0.258453369,0.682678223,4,0.666008465
13,8,0,4,0.232,0.87,1,0.154022217,0.258453369,0.682678223,4,0.505019886
13,8,0,5,0.232,0.87,1,0.154022217,0.258453369,0.682678223,4,0.721679852
13,8,0,6,0.232,0.87,1,0.154022217,0.258453369,0.682678223,4,0.687440509
13,8,0,7,0.232,0.87,1,0.154022217,0.258453369,0.682678223,4,0.712456432
13,8,0,8,0.232,0.87,1,0.154022217,0.258453369,0.682678223,4,0.707411424
13,8,0,9,0.232,0.87,1,0.154022217,0.258453369,0.682678223,4,0.562896233
13,8,1,0,0.232,0.87,1,0.154968262,0.692077637,0.382110596,3,0.587914474
13,8,1,1,0.232,0.87,1,0.154968262,0.692077637,0.382110596,3,0.782472423
13,8,1,2,0.232,0.87,1,0.154968262,0.692077637,0.382110596,3,0.808502052
13,8,1,3,0.232,0.87,1,0.154968262,0.692077637,0.382110596,3,0.789820093
13,8,1,4,0.232,0.87,1,0.154968262,0.692077637,0.382110596,3,0.57537162
13,8,1,5,0.232,0.87,1,0.154968262,0.692077637,0.382110596,3,0.776631338
13,8,1,6,0.232,0.87,1,0.154968262,0.692077637,0.382110596,3,0.771046929
13,8,1,7,0.232,0.87,1,0.154968262,0.692077637,0.382110596,3,0.784028675
13,8,1,8,0.232,0.87,1,0.154968262,0.692077637,0.382110596,3,0.741758799
13,8,1,9,0.232,0.87,1,0.154968262,0.692077637,0.382110596,3,0.688400365
13,8,2,0,0.232,0.87,1,0.153564453,0.134490967,0.937927246,1,0.344978114
13,8,2,1,0.232,0.87,1,0.153564453,0.134490967,0.937927246,1,0.448060032
13,8,2,2,0.232,0.87,1,0.153564453,0.134490967,0.937927246,1,0.621657573
13,8,2,3,0.232,0.87,1,0.153564453,0.134490967,0.937927246,1,0.577627478
13,8,2,4,0.232,0.87,1,0.153564453,0.134490967,0.937927246,1,0.373472583
13,8,2,5,0.232,0.87,1,0.153564453,0.134490967,0.937927246,1,0.615875718
13,8,2,6,0.232,0.87,1,0.153564453,0.134490967,0.937927246,1,0.486020779
13,8,2,7,0.232,0.87,1,0.153564453,0.134490967,0.937927246,1,0.63015442
13,8,2,8,0.232,0.87,1,0.153564453,0.134490967,0.937927246,1,0.589105407
13,8,2,9,0.232,0.87,1,0.153564453,0.134490967,0.937927246,1,0.384538147
14,7,0,0,0.219,0.871,1,0.171234131,0.109161377,0.870605469,4,0.660790444
14,7,0,1,0.219,0.871,1,0.171234131,0.109161377,0.870605469,4,0.714704441
14,7,0,2,0.219,0.871,1,0.171234131,0.109161377,0.870605469,4,0.80414865
14,7,0,3,0.219,0.871,1,0.171234131,0.109161377,0.870605469,4,0.751679247
14,7,0,4,0.219,0.871,1,0.171234131,0.109161377,0.870605469,4,0.677500893
14,7,0,5,0.219,0.871,1,0.171234131,0.109161377,0.870605469,4,0.666632739
14,7,0,6,0.219,0.871,1,0.171234131,0.109161377,0.870605469,4,0.738259238
14,7,0,7,0.219,0.871,1,0.171234131,0.109161377,0.870605469,4,0.795103661
14,7,0,8,0.219,0.871,1,0.171234131,0.109161377,0.870605469,4,0.710503246
14,7,0,9,0.219,0.871,1,0.171234131,0.109161377,0.870605469,4,0.665650732
15,15,6,0,0.218,0.879,1,0.150299072,0.678710938,0.402709961,3,0.647524296
15,15,6,1,0.218,0.879,1,0.150299072,0.678710938,0.402709961,3,0.781704959
15,15,6,2,0.218,0.879,1,0.150299072,0.678710938,0.402709961,3,0.846610949
15,15,6,3,0.218,0.879,1,0.150299072,0.678710938,0.402709961,3,0.832655484
15,15,6,4,0.218,0.879,1,0.150299072,0.678710938,0.402709961,3,0.661612123
15,15,6,5,0.218,0.879,1,0.150299072,0.678710938,0.402709961,3,0.749107782
15,15,6,6,0.218,0.879,1,0.150299072,0.678710938,0.402709961,3,0.796456294
15,15,6,7,0.218,0.879,1,0.150299072,0.678710938,0.402709961,3,0.82535229
15,15,6,8,0.218,0.879,1,0.150299072,0.678710938,0.402709961,3,0.74330471
15,15,6,9,0.218,0.879,1,0.150299072,0.678710938,0.402709961,3,0.739777615
16,8,0,0,0.201,0.854,1,0.086395264,0.779876709,0.249450684,0,0.448533137
16,8,0,1,0.201,0.854,1,0.086395264,0.779876709,0.249450684,0,0.406252311
16,8,0,2,0.201,0.854,1,0.086395264,0.779876709,0.249450684,0,0.430969537
16,8,0,3,0.201,0.854,1,0.086395264,0.779876709,0.249450684,0,0.420756402
16,8,0,4,0.201,0.854,1,0.086395264,0.779876709,0.249450684,0,0.446491542
16,8,0,5,0.201,0.854,1,0.086395264,0.779876709,0.249450684,0,0.394254244
16,8,0,6,0.201,0.854,1,0.086395264,0.779876709,0.249450684,0,0.412282717
16,8,0,7,0.201,0.854,1,0.086395264,0.779876709,0.249450684,0,0.426523258
16,8,0,8,0.201,0.854,1,0.086395264,0.779876709,0.249450684,0,0.410066768
16,8,0,9,0.201,0.854,1,0.086395264,0.779876709,0.249450684,0,0.394729522
17,16,9,0,0.22,0.885,1,0.201019287,0.49710083,0.109588623,1,0.449863225
17,16,9,1,0.22,0.885,1,0.201019287,0.49710083,0.109588623,1,0.275986318
17,16,9,2,0.22,0.885,1,0.201019287,0.49710083,0.109588623,1,0.266325307
17,16,9,3,0.22,0.885,1,0.201019287,0.49710083,0.109588623,1,0.350151984
17,16,9,4,0.22,0.885,1,0.201019287,0.49710083,0.109588623,1,0.467660318
17,16,9,5,0.22,0.885,1,0.201019287,0.49710083,0.109588623,1,0.24748525
17,16,9,6,0.22,0.885,1,0.201019287,0.49710083,0.109588623,1,0.324890588
17,16,9,7,0.22,0.885,1,0.201019287,0.49710083,0.109588623,1,0.303468392
17,16,9,8,0.22,0.885,1,0.201019287,0.49710083,0.109588623,1,0.299465491
17,16,9,9,0.22,0.885,1,0.201019287,0.49710083,0.109588623,1,0.404690941
18,10,3,0,0.213,0.871,1,0.102050781,0.78817749,0.821838379,2,0.474931613
18,10,3,1,0.213,0.871,1,0.102050781,0.78817749,0.821838379,2,0.387993159
18,10,3,2,0.213,0.871,1,0.102050781,0.78817749,0.821838379,2,0.383162653
18,10,3,3,0.213,0.871,1,0.102050781,0.78817749,0.821838379,2,0.425075992
18,10,3,4,0.213,0.871,1,0.102050781,0.78817749,0.821838379,2,0.483830159
18,10,3,5,0.213,0.871,1,0.102050781,0.78817749,0.821838379,2,0.373742625
18,10,3,6,0.213,0.871,1,0.102050781,0.78817749,0.821838379,2,0.412445294
18,10,3,7,0.213,0.871,1,0.102050781,0.78817749,0.821838379,2,0.401734196
18,10,3,8,0.213,0.871,1,0.102050781,0.78817749,0.821838379,2,0.399732745
18,10,3,9,0.213,0.871,1,0.102050781,0.78817749,0.821838379,2,0.45234547
18,10,8,0,0.213,0.871,1,0.199401855,0.443145752,0.173950195,0,0.259858526
18,10,8,1,0.213,0.871,1,0.199401855,0.443145752,0.173950195,0,0.253246251
18,10,8,2,0.213,0.871,1,0.199401855,0.443145752,0.173950195,0,0.281178213
18,10,8,3,0.213,0.871,1,0.199401855,0.443145752,0.173950195,0,0.219224002
18,10,8,4,0.213,0.871,1,0.199401855,0.443145752,0.173950195,0,0.447523018
18,10,8,5,0.213,0.871,1,0.199401855,0.443145752,0.173950195,0,0.197153455
18,10,8,6,0.213,0.871,1,0.199401855,0.443145752,0.173950195,0,0.450947507
18,10,8,7,0.213,0.871,1,0.199401855,0.443145752,0.173950195,0,0.215609012
18,10,8,8,0.213,0.871,1,0.199401855,0.443145752,0.173950195,0,0.214586072
18,10,8,9,0.213,0.871,1,0.199401855,0.443145752,0.173950195,0,0.290997997
18,10,9,0,0.213,0.871,1,0.037841797,0.449890137,0.948883057,3,0.582929245
18,10,9,1,0.213,0.871,1,0.037841797,0.449890137,0.948883057,3,0.579743698
18,10,9,2,0.213,0.871,1,0.037841797,0.449890137,0.948883057,3,0.573528849
18,10,9,3,0.213,0.871,1,0.037841797,0.449890137,0.948883057,3,0.557912993
18,10,9,4,0.213,0.871,1,0.037841797,0.449890137,0.948883057,3,0.532542832
18,10,9,5,0.213,0.871,1,0.037841797,0.449890137,0.948883057,3,0.554536274
18,10,9,6,0.213,0.871,1,0.037841797,0.449890137,0.948883057,3,0.593749989
18,10,9,7,0.213,0.871,1,0.037841797,0.449890137,0.948883057,3,0.565796805
18,10,9,8,0.213,0.871,1,0.037841797,0.449890137,0.948883057,3,0.522146165
18,10,9,9,0.213,0.871,1,0.037841797,0.449890137,0.948883057,3,0.432980716
19,5,2,0,0.203,0.874,1,0.034423828,0.813293457,0.677520752,2,0.541464623
19,5,2,1,0.203,0.874,1,0.034423828,0.813293457,0.677520752,2,0.539871849
19,5,2,2,0.203,0.874,1,0.034423828,0.813293457,0.677520752,2,0.536764425
19,5,2,3,0.203,0.874,1,0.034423828,0.813293457,0.677520752,2,0.528956496
19,5,2,4,0.203,0.874,1,0.034423828,0.813293457,0.677520752,2,0.516271416
19,5,2,5,0.203,0.874,1,0.034423828,0.813293457,0.677520752,2,0.527268137
19,5,2,6,0.203,0.874,1,0.034423828,0.813293457,0.677520752,2,0.546874995
19,5,2,7,0.203,0.874,1,0.034423828,0.813293457,0.677520752,2,0.532898402
19,5,2,8,0.203,0.874,1,0.034423828,0.813293457,0.677520752,2,0.511073082
19,5,2,9,0.203,0.874,1,0.034423828,0.813293457,0.677520752,2,0.466490358
20,16,0,0,0.203,0.875,1,0.017242432,0.108093262,0.674194336,4,0.765407311
20,16,0,1,0.203,0.875,1,0.017242432,0.108093262,0.674194336,4,0.764640715
20,16,0,2,0.203,0.875,1,0.017242432,0.108093262,0.674194336,4,0.756667038
20,16,0,3,0.203,0.875,1,0.017242432,0.108093262,0.674194336,4,0.757915929
20,16,0,4,0.203,0.875,1,0.017242432,0.108093262,0.674194336,4,0.619539518
20,16,0,5,0.203,0.875,1,0.017242432,0.108093262,0.674194336,4,0.759012514
20,16,0,6,0.203,0.875,1,0.017242432,0.108093262,0.674194336,4,0.716726437
20,16,0,7,0.203,0.875,1,0.017242432,0.108093262,0.674194336,4,0.762277885
20,16,0,8,0.203,0.875,1,0.017242432,0.108093262,0.674194336,4,0.735325044
20,16,0,9,0.203,0.875,1,0.017242432,0.108093262,0.674194336,4,0.556560625
21,6,1,0,0.224,0.868,1,0.026031494,0.229248047,0.34777832,0,0.405096376
21,6,1,1,0.224,0.868,1,0.026031494,0.229248047,0.34777832,0,0.441570029
21,6,1,2,0.224,0.868,1,0.026031494,0.229248047,0.34777832,0,0.467930405
21,6,1,3,0.224,0.868,1,0.026031494,0.229248047,0.34777832,0,0.38564397
21,6,1,4,0.224,0.868,1,0.026031494,0.229248047,0.34777832,0,0.515377697
21,6,1,5,0.224,0.868,1,0.026031494,0.229248047,0.34777832,0,0.3897884
21,6,1,6,0.224,0.868,1,0.026031494,0.229248047,0.34777832,0,0.603088078
21,6,1,7,0.224,0.868,1,0.026031494,0.229248047,0.34777832,0,0.395880856
21,6,1,8,0.224,0.868,1,0.026031494,0.229248047,0.34777832,0,0.382382221
21,6,1,9,0.224,0.868,1,0.026031494,0.229248047,0.34777832,0,0.343105574
21,6,3,0,0.224,0.868,1,0.153381348,0.647796631,0.320648193,3,0.65554817
21,6,3,1,0.224,0.868,1,0.153381348,0.647796631,0.320648193,3,0.673905587
21,6,3,2,0.224,0.868,1,0.153381348,0.647796631,0.320648193,3,0.666904945
21,6,3,3,0.224,0.868,1,0.153381348,0.647796631,0.320648193,3,0.641122977
21,6,3,4,0.224,0.868,1,0.153381348,0.647796631,0.320648193,3,0.566470172
21,6,3,5,0.224,0.868,1,0.153381348,0.647796631,0.320648193,3,0.650853747
21,6,3,6,0.224,0.868,1,0.153381348,0.647796631,0.320648193,3,0.669820275
21,6,3,7,0.224,0.868,1,0.153381348,0.647796631,0.320648193,3,0.655932727
21,6,3,8,0.224,0.868,1,0.153381348,0.647796631,0.320648193,3,0.60604424
21,6,3,9,0.224,0.868,1,0.153381348,0.647796631,0.320648193,3,0.459034505
21,6,4,0,0.224,0.868,1,0.183532715,0.607849121,0.324066162,0,0.344678072
21,6,4,1,0.224,0.868,1,0.183532715,0.607849121,0.324066162,0,0.408902113
21,6,4,2,0.224,0.868,1,0.183532715,0.607849121,0.324066162,0,0.364697731
21,6,4,3,0.224,0.868,1,0.183532715,0.607849121,0.324066162,0,0.421783781
21,6,4,4,0.224,0.868,1,0.183532715,0.607849121,0.324066162,0,0.323005585
21,6,4,5,0.224,0.868,1,0.183532715,0.607849121,0.324066162,0,0.564627906
21,6,4,6,0.224,0.868,1,0.183532715,0.607849121,0.324066162,0,0.581947552
21,6,4,7,0.224,0.868,1,0.183532715,0.607849121,0.324066162,0,0.484610966
21,6,4,8,0.224,0.868,1,0.183532715,0.607849121,0.324066162,0,0.349511981
21,6,4,9,0.224,0.868,1,0.183532715,0.607849121,0.324066162,0,0.304982065
22,11,4,0,0.213,0.886,1,0.196533203,0.624328613,0.243560791,4,0.667014036
22,11,4,1,0.213,0.886,1,0.196533203,0.624328613,0.243560791,4,0.699155847
22,11,4,2,0.213,0.886,1,0.196533203,0.624328613,0.243560791,4,0.670633691
22,11,4,3,0.213,0.886,1,0.196533203,0.624328613,0.243560791,4,0.704329572
22,11,4,4,0.213,0.886,1,0.196533203,0.624328613,0.243560791,4,0.522906602
22,11,4,5,0.213,0.886,1,0.196533203,0.624328613,0.243560791,4,0.777692399
22,11,4,6,0.213,0.886,1,0.196533203,0.624328613,0.243560791,4,0.734262716
22,11,4,7,0.213,0.886,1,0.196533203,0.624328613,0.243560791,4,0.738134167
22,11,4,8,0.213,0.886,1,0.196533203,0.624328613,0.243560791,4,0.654544493
22,11,4,9,0.213,0.886,1,0.196533203,0.624328613,0.243560791,4,0.475806478
22,11,6,0,0.213,0.886,1,0.075714111,0.201751709,0.772979736,4,0.752034492
22,11,6,1,0.213,0.886,1,0.075714111,0.201751709,0.772979736,4,0.838028702
22,11,6,2,0.213,0.886,1,0.075714111,0.201751709,0.772979736,4,0.742000297
22,11,6,3,0.213,0.886,1,0.075714111,0.201751709,0.772979736,4,0.816692006
22,11,6,4,0.213,0.886,1,0.075714111,0.201751709,0.772979736,4,0.75810114
22,11,6,5,0.213,0.886,1,0.075714111,0.201751709,0.772979736,4,0.752607459
22,11,6,6,0.213,0.886,1,0.075714111,0.201751709,0.772979736,4,0.843537053
22,11,6,7,0.213,0.886,1,0.075714111,0.201751709,0.772979736,4,0.854155699
22,11,6,8,0.213,0.886,1,0.075714111,0.201751709,0.772979736,4,0.667837007
22,11,6,9,0.213,0.886,1,0.075714111,0.201751709,0.772979736,4,0.723962183
24,12,0,0,0.204,0.882,1,0.11151123,0.013458252,0.965118408,2,0.626017246
24,12,0,1,0.204,0.882,1,0.11151123,0.013458252,0.965118408,2,0.669014351
24,12,0,2,0.204,0.882,1,0.11151123,0.013458252,0.965118408,2,0.621000148
24,12,0,3,0.204,0.882,1,0.11151123,0.013458252,0.965118408,2,0.658346003
24,12,0,4,0.204,0.882,1,0.11151123,0.013458252,0.965118408,2,0.62905057
24,12,0,5,0.204,0.882,1,0.11151123,0.013458252,0.965118408,2,0.626303729
24,12,0,6,0.204,0.882,1,0.11151123,0.013458252,0.965118408,2,0.671768527
24,12,0,7,0.204,0.882,1,0.11151123,0.013458252,0.965118408,2,0.67707785
24,12,0,8,0.204,0.882,1,0.11151123,0.013458252,0.965118408,2,0.583918504
24,12,0,9,0.204,0.882,1,0.11151123,0.013458252,0.965118408,2,0.611981092
24,12,3,0,0.204,0.882,1,0.082977295,0.12512207,0.343383789,0,0.318333623
24,12,3,1,0.204,0.882,1,0.082977295,0.12512207,0.343383789,0,0.339802385
24,12,3,2,0.204,0.882,1,0.082977295,0.12512207,0.343383789,0,0.322215248
24,12,3,3,0.204,0.882,1,0.082977295,0.12512207,0.343383789,0,0.33573532
24,12,3,4,0.204,0.882,1,0.082977295,0.12512207,0.343383789,0,0.453121476
24,12,3,5,0.204,0.882,1,0.082977295,0.12512207,0.343383789,0,0.317773419
24,12,3,6,0.204,0.882,1,0.082977295,0.12512207,0.343383789,0,0.392595324
24,12,3,7,0.204,0.882,1,0.082977295,0.12512207,0.343383789,0,0.342710241
24,12,3,8,0.204,0.882,1,0.082977295,0.12512207,0.343383789,0,0.312170749
24,12,3,9,0.204,0.882,1,0.082977295,0.12512207,0.343383789,0,0.4826751
24,12,5,0,0.204,0.882,1,0.1355896,0.805908203,0.815490723,3,0.619734642
24,12,5,1,0.204,0.882,1,0.1355896,0.805908203,0.815490723,3,0.46254322
24,12,5,2,0.204,0.882,1,0.1355896,0.805908203,0.815490723,3,0.440795918
24,12,5,3,0.204,0.882,1,0.1355896,0.805908203,0.815490723,3,0.45961107
24,12,5,4,0.204,0.882,1,0.1355896,0.805908203,0.815490723,3,0.679381935
24,12,5,5,0.204,0.882,1,0.1355896,0.805908203,0.815490723,3,0.558326399
24,12,5,6,0.204,0.882,1,0.1355896,0.805908203,0.815490723,3,0.590255641
24,12,5,7,0.204,0.882,1,0.1355896,0.805908203,0.815490723,3,0.586822221
24,12,5,8,0.204,0.882,1,0.1355896,0.805908203,0.815490723,3,0.609312109
24,12,5,9,0.204,0.882,1,0.1355896,0.805908203,0.815490723,3,0.611721829
25,15,0,0,0.222,0.878,1,0.031158447,0.096557617,0.182159424,1,0.535463978
25,15,0,1,0.222,0.878,1,0.031158447,0.096557617,0.182159424,1,0.304131773
25,15,0,2,0.222,0.878,1,0.031158447,0.096557617,0.182159424,1,0.271238497
25,15,0,3,0.222,0.878,1,0.031158447,0.096557617,0.182159424,1,0.369579318
25,15,0,4,0.222,0.878,1,0.031158447,0.096557617,0.182159424,1,0.584105515
25,15,0,5,0.222,0.878,1,0.031158447,0.096557617,0.182159424,1,0.329521327
25,15,0,6,0.222,0.878,1,0.031158447,0.096557617,0.182159424,1,0.41387705
25,15,0,7,0.222,0.878,1,0.031158447,0.096557617,0.182159424,1,0.383617874
25,15,0,8,0.222,0.878,1,0.031158447,0.096557617,0.182159424,1,0.399088161
25,15,0,9,0.222,0.878,1,0.031158447,0.096557617,0.182159424,1,0.513187095
25,15,8,0,0.222,0.878,1,0.059661865,0.318695068,0.040130615,3,0.72829982
25,15,8,1,0.222,0.878,1,0.059661865,0.318695068,0.040130615,3,0.444707914
25,15,8,2,0.222,0.878,1,0.059661865,0.318695068,0.040130615,3,0.415307543
25,15,8,3,0.222,0.878,1,0.059661865,0.318695068,0.040130615,3,0.476533069
25,15,8,4,0.222,0.878,1,0.059661865,0.318695068,0.040130615,3,0.744873955
25,15,8,5,0.222,0.878,1,0.059661865,0.318695068,0.040130615,3,0.564200353
25,15,8,6,0.222,0.878,1,0.059661865,0.318695068,0.040130615,3,0.600896504
25,15,8,7,0.222,0.878,1,0.059661865,0.318695068,0.040130615,3,0.607276037
25,15,8,8,0.222,0.878,1,0.059661865,0.318695068,0.040130615,3,0.652770815
25,15,8,9,0.222,0.878,1,0.059661865,0.318695068,0.040130615,3,0.626977826
25,15,10,0,0.222,0.878,1,0.104064941,0.451293945,0.701019287,0,0.407711758
25,15,10,1,0.222,0.878,1,0.104064941,0.451293945,0.701019287,0,0.333237265
25,15,10,2,0.222,0.878,1,0.104064941,0.451293945,0.701019287,0,0.226137836
25,15,10,3,0.222,0.878,1,0.104064941,0.451293945,0.701019287,0,0.456334016
25,15,10,4,0.222,0.878,1,0.104064941,0.451293945,0.701019287,0,0.395849931
25,15,10,5,0.222,0.878,1,0.104064941,0.451293945,0.701019287,0,0.3200495
25,15,10,6,0.222,0.878,1,0.104064941,0.451293945,0.701019287,0,0.331798048
25,15,10,7,0.222,0.878,1,0.104064941,0.451293945,0.701019287,0,0.313666951
25,15,10,8,0.222,0.878,1,0.104064941,0.451293945,0.701019287,0,0.42443658
25,15,10,9,0.222,0.878,1,0.104064941,0.451293945,0.701019287,0,0.527733881
25,15,13,0,0.222,0.878,1,0.015777588,0.205291748,0.443908691,2,0.453855879
25,15,13,1,0.222,0.878,1,0.015777588,0.205291748,0.443908691,2,0.416618633
25,15,13,2,0.222,0.878,1,0.015777588,0.205291748,0.443908691,2,0.363068918
25,15,13,3,0.222,0.878,1,0.015777588,0.205291748,0.443908691,2,0.478167008
25,15,13,4,0.222,0.878,1,0.015777588,0.205291748,0.443908691,2,0.447924966
25,15,13,5,0.222,0.878,1,0.015777588,0.205291748,0.443908691,2,0.41002475
25,15,13,6,0.222,0.878,1,0.015777588,0.205291748,0.443908691,2,0.415899024
25,15,13,7,0.222,0.878,1,0.015777588,0.205291748,0.443908691,2,0.406833475
25,15,13,8,0.222,0.878,1,0.015777588,0.205291748,0.443908691,2,0.46221829
25,15,13,9,0.222,0.878,1,0.015777588,0.205291748,0.443908691,2,0.51386694
26,20,8,0,0.21,0.877,1,0.101623535,0.824310303,0.599914551,0,0.230566355
26,20,8,1,0.21,0.877,1,0.101623535,0.824310303,0.599914551,0,0.375436325
26,20,8,2,0.21,0.877,1,0.101623535,0.824310303,0.599914551,0,0.372983574
26,20,8,3,0.21,0.877,1,0.101623535,0.824310303,0.599914551,0,0.407861178
26,20,8,4,0.21,0.877,1,0.101623535,0.824310303,0.599914551,0,0.229331828
26,20,8,5,0.21,0.877,1,0.101623535,0.824310303,0.599914551,0,0.234813481
26,20,8,6,0.21,0.877,1,0.101623535,0.824310303,0.599914551,0,0.241728601
26,20,8,7,0.21,0.877,1,0.101623535,0.824310303,0.599914551,0,0.223292856
26,20,8,8,0.21,0.877,1,0.101623535,0.824310303,0.599914551,0,0.236378208
26,20,8,9,0.21,0.877,1,0.101623535,0.824310303,0.599914551,0,0.31148509
26,20,14,0,0.21,0.877,1,0.014984131,0.16708374,0.755187988,4,0.60890875
26,20,14,1,0.21,0.877,1,0.014984131,0.16708374,0.755187988,4,0.679630999
26,20,14,2,0.21,0.877,1,0.014984131,0.16708374,0.755187988,4,0.500589207
26,20,14,3,0.21,0.877,1,0.014984131,0.16708374,0.755187988,4,0.579407308
26,20,14,4,0.21,0.877,1,0.014984131,0.16708374,0.755187988,4,0.594101198
26,20,14,5,0.21,0.877,1,0.014984131,0.16708374,0.755187988,4,0.411927943
26,20,14,6,0.21,0.877,1,0.014984131,0.16708374,0.755187988,4,0.591107126
26,20,14,7,0.21,0.877,1,0.014984131,0.16708374,0.755187988,4,0.385313
26,20,14,8,0.21,0.877,1,0.014984131,0.16708374,0.755187988,4,0.430726893
26,20,14,9,0.21,0.877,1,0.014984131,0.16708374,0.755187988,4,0.65192144
26,20,16,0,0.21,0.877,1,0.179595947,0.232391357,0.54788208,1,0.383245204
26,20,16,1,0.21,0.877,1,0.179595947,0.232391357,0.54788208,1,0.485201272
26,20,16,2,0.21,0.877,1,0.179595947,0.232391357,0.54788208,1,0.352894552
26,20,16,3,0.21,0.877,1,0.179595947,0.232391357,0.54788208,1,0.457216347
26,20,16,4,0.21,0.877,1,0.179595947,0.232391357,0.54788208,1,0.410640913
26,20,16,5,0.21,0.877,1,0.179595947,0.232391357,0.54788208,1,0.450561967
26,20,16,6,0.21,0.877,1,0.179595947,0.232391357,0.54788208,1,0.544072219
26,20,16,7,0.21,0.877,1,0.179595947,0.232391357,0.54788208,1,0.394227154
26,20,16,8,0.21,0.877,1,0.179595947,0.232391357,0.54788208,1,0.336625399
26,20,16,9,0.21,0.877,1,0.179595947,0.232391357,0.54788208,1,0.474247899
26,20,17,0,0.21,0.877,1,0.171844482,0.464630127,0.440246582,2,0.441622602
26,20,17,1,0.21,0.877,1,0.171844482,0.464630127,0.440246582,2,0.492600636
26,20,17,2,0.21,0.877,1,0.171844482,0.464630127,0.440246582,2,0.426447276
26,20,17,3,0.21,0.877,1,0.171844482,0.464630127,0.440246582,2,0.478608173
26,20,17,4,0.21,0.877,1,0.171844482,0.464630127,0.440246582,2,0.455320456
26,20,17,5,0.21,0.877,1,0.171844482,0.464630127,0.440246582,2,0.475280983
26,20,17,6,0.21,0.877,1,0.171844482,0.464630127,0.440246582,2,0.522036109
26,20,17,7,0.21,0.877,1,0.171844482,0.464630127,0.440246582,2,0.447113577
26,20,17,8,0.21,0.877,1,0.171844482,0.464630127,0.440246582,2,0.4183127
26,20,17,9,0.21,0.877,1,0.171844482,0.464630127,0.440246582,2,0.48712395
27,10,0,0,0.197,0.884,1,0.070831299,0.262359619,0.732116699,3,0.673811283
27,10,0,1,0.197,0.884,1,0.070831299,0.262359619,0.732116699,3,0.699420891
27,10,0,2,0.197,0.884,1,0.070831299,0.262359619,0.732116699,3,0.646163381
27,10,0,3,0.197,0.884,1,0.070831299,0.262359619,0.732116699,3,0.687605079
27,10,0,4,0.197,0.884,1,0.070831299,0.262359619,0.732116699,3,0.536441552
27,10,0,5,0.197,0.884,1,0.070831299,0.262359619,0.732116699,3,0.693600038
27,10,0,6,0.197,0.884,1,0.070831299,0.262359619,0.732116699,3,0.629294291
27,10,0,7,0.197,0.884,1,0.070831299,0.262359619,0.732116699,3,0.681549087
27,10,0,8,0.197,0.884,1,0.070831299,0.262359619,0.732116699,3,0.624009479
27,10,0,9,0.197,0.884,1,0.070831299,0.262359619,0.732116699,3,0.531043692
27,10,6,0,0.197,0.884,1,0.177734375,0.56362915,0.145263672,4,0.755433116
27,10,6,1,0.197,0.884,1,0.177734375,0.56362915,0.145263672,4,0.838161224
27,10,6,2,0.197,0.884,1,0.177734375,0.56362915,0.145263672,4,0.729765142
27,10,6,3,0.197,0.884,1,0.177734375,0.56362915,0.145263672,4,0.808329759
27,10,6,4,0.197,0.884,1,0.177734375,0.56362915,0.145263672,4,0.764868615
27,10,6,5,0.197,0.884,1,0.177734375,0.56362915,0.145263672,4,0.710561278
27,10,6,6,0.197,0.884,1,0.177734375,0.56362915,0.145263672,4,0.791052841
27,10,6,7,0.197,0.884,1,0.177734375,0.56362915,0.145263672,4,0.825863159
27,10,6,8,0.197,0.884,1,0.177734375,0.56362915,0.145263672,4,0.6525695
27,10,6,9,0.197,0.884,1,0.177734375,0.56362915,0.145263672,4,0.75158079
27,10,7,0,0.197,0.884,1,0.186218262,0.219970703,0.69732666,4,0.866017945
27,10,7,1,0.197,0.884,1,0.186218262,0.219970703,0.69732666,4,0.909755037
27,10,7,2,0.197,0.884,1,0.186218262,0.219970703,0.69732666,4,0.858202434
27,10,7,3,0.197,0.884,1,0.186218262,0.219970703,0.69732666,4,0.867030388
27,10,7,4,0.197,0.884,1,0.186218262,0.219970703,0.69732666,4,0.873198909
27,10,7,5,0.197,0.884,1,0.186218262,0.219970703,0.69732666,4,0.713975519
27,10,7,6,0.197,0.884,1,0.186218262,0.219970703,0.69732666,4,0.890775269
27,10,7,7,0.197,0.884,1,0.186218262,0.219970703,0.69732666,4,0.892958031
27,10,7,8,0.197,0.884,1,0.186218262,0.219970703,0.69732666,4,0.742235292
27,10,7,9,0.197,0.884,1,0.186218262,0.219970703,0.69732666,4,0.849172054
28,20,0,0,0.222,0.858,1,0.169342041,0.235321045,0.087310791,3,0.854218143
28,20,0,1,0.222,0.858,1,0.169342041,0.235321045,0.087310791,3,0.809491747
28,20,0,2,0.222,0.858,1,0.169342041,0.235321045,0.087310791,3,0.826501268
28,20,0,3,0.222,0.858,1,0.169342041,0.235321045,0.087310791,3,0.766002501
28,20,0,4,0.222,0.858,1,0.169342041,0.235321045,0.087310791,3,0.823009141
28,20,0,5,0.222,0.858,1,0.169342041,0.235321045,0.087310791,3,0.612389764
28,20,0,6,0.222,0.858,1,0.169342041,0.235321045,0.087310791,3,0.696868979
28,20,0,7,0.222,0.858,1,0.169342041,0.235321045,0.087310791,3,0.744908361
28,20,0,8,0.222,0.858,1,0.169342041,0.235321045,0.087310791,3,0.749855693
28,20,0,9,0.222,0.858,1,0.169342041,0.235321045,0.087310791,3,0.776298848
28,20,13,0,0.222,0.858,1,0.059997559,0.516448975,0.842407227,0,0.449501791
28,20,13,1,0.222,0.858,1,0.059997559,0.516448975,0.842407227,0,0.463995545
28,20,13,2,0.222,0.858,1,0.059997559,0.516448975,0.842407227,0,0.502847521
28,20,13,3,0.222,0.858,1,0.059997559,0.516448975,0.842407227,0,0.389687256
28,20,13,4,0.222,0.858,1,0.059997559,0.516448975,0.842407227,0,0.617112508
28,20,13,5,0.222,0.858,1,0.059997559,0.516448975,0.842407227,0,0.316477025
28,20,13,6,0.222,0.858,1,0.059997559,0.516448975,0.842407227,0,0.593159349
28,20,13,7,0.222,0.858,1,0.059997559,0.516448975,0.842407227,0,0.387196095
28,20,13,8,0.222,0.858,1,0.059997559,0.516448975,0.842407227,0,0.389647546
28,20,13,9,0.222,0.858,1,0.059997559,0.516448975,0.842407227,0,0.452974686
28,20,14,0,0.222,0.858,1,0.031555176,0.775482178,0.079620361,3,0.499154239
28,20,14,1,0.222,0.858,1,0.031555176,0.775482178,0.079620361,3,0.65913761
28,20,14,2,0.222,0.858,1,0.031555176,0.775482178,0.079620361,3,0.700583222
28,20,14,3,0.222,0.858,1,0.031555176,0.775482178,0.079620361,3,0.555069845
28,20,14,4,0.222,0.858,1,0.031555176,0.775482178,0.079620361,3,0.564141707
28,20,14,5,0.222,0.858,1,0.031555176,0.775482178,0.079620361,3,0.607880384
28,20,14,6,0.222,0.858,1,0.031555176,0.775482178,0.079620361,3,0.677830445
28,20,14,7,0.222,0.858,1,0.031555176,0.775482178,0.079620361,3,0.603391284
28,20,14,8,0.222,0.858,1,0.031555176,0.775482178,0.079620361,3,0.600391666
28,20,14,9,0.222,0.858,1,0.031555176,0.775482178,0.079620361,3,0.519161163
28,20,17,0,0.222,0.858,1,0.087768555,0.201843262,0.422607422,4,0.62480613
28,20,17,1,0.222,0.858,1,0.087768555,0.201843262,0.422607422,4,0.814168973
28,20,17,2,0.222,0.858,1,0.087768555,0.201843262,0.422607422,4,0.842627548
28,20,17,3,0.222,0.858,1,0.087768555,0.201843262,0.422607422,4,0.773106262
28,20,17,4,0.222,0.858,1,0.087768555,0.201843262,0.422607422,4,0.666385373
28,20,17,5,0.222,0.858,1,0.087768555,0.201843262,0.422607422,4,0.784239839
28,20,17,6,0.222,0.858,1,0.087768555,0.201843262,0.422607422,4,0.824860653
28,20,17,7,0.222,0.858,1,0.087768555,0.201843262,0.422607422,4,0.787848529
28,20,17,8,0.222,0.858,1,0.087768555,0.201843262,0.422607422,4,0.761781421
28,20,17,9,0.222,0.858,1,0.087768555,0.201843262,0.422607422,4,0.734739867
28,20,18,0,0.222,0.858,1,0.019775391,0.086547852,0.909576416,4,0.807078065
28,20,18,1,0.222,0.858,1,0.019775391,0.086547852,0.909576416,4,0.901789277
28,20,18,2,0.222,0.858,1,0.019775391,0.086547852,0.909576416,4,0.9095986
28,20,18,3,0.222,0.858,1,0.019775391,0.086547852,0.909576416,4,0.879990812
28,20,18,4,0.222,0.858,1,0.019775391,0.086547852,0.909576416,4,0.694596496
28,20,18,5,0.222,0.858,1,0.019775391,0.086547852,0.909576416,4,0.887498366
28,20,18,6,0.222,0.858,1,0.019775391,0.086547852,0.909576416,4,0.855719266
28,20,18,7,0.222,0.858,1,0.019775391,0.086547852,0.909576416,4,0.889752948
28,20,18,8,0.222,0.858,1,0.019775391,0.086547852,0.909576416,4,0.860679213
28,20,18,9,0.222,0.858,1,0.019775391,0.086547852,0.909576416,4,0.690685379
29,20,0,0,0.225,0.848,1,0.043121338,0.525268555,0.292205811,4,0.778768043
29,20,0,1,0.225,0.848,1,0.043121338,0.525268555,0.292205811,4,0.935494807
29,20,0,2,0.225,0.848,1,0.043121338,0.525268555,0.292205811,4,0.947135237
29,20,0,3,0.225,0.848,1,0.043121338,0.525268555,0.292205811,4,0.935566746
29,20,0,4,0.225,0.848,1,0.043121338,0.525268555,0.292205811,4,0.731612767
29,20,0,5,0.225,0.848,1,0.043121338,0.525268555,0.292205811,4,0.92404883
29,20,0,6,0.225,0.848,1,0.043121338,0.525268555,0.292205811,4,0.913805063
29,20,0,7,0.225,0.848,1,0.043121338,0.525268555,0.292205811,4,0.931029361
29,20,0,8,0.225,0.848,1,0.043121338,0.525268555,0.292205811,4,0.891925194
29,20,0,9,0.225,0.848,1,0.043121338,0.525268555,0.292205811,4,0.820501975
29,20,5,0,0.225,0.848,1,0.01473999,0.03137207,0.153656006,3,0.838363144
29,20,5,1,0.225,0.848,1,0.01473999,0.03137207,0.153656006,3,0.910923583
29,20,5,2,0.225,0.848,1,0.01473999,0.03137207,0.153656006,3,0.756161071
29,20,5,3,0.225,0.848,1,0.01473999,0.03137207,0.153656006,3,0.785065941
29,20,5,4,0.225,0.848,1,0.01473999,0.03137207,0.153656006,3,0.780019611
29,20,5,5,0.225,0.848,1,0.01473999,0.03137207,0.153656006,3,0.734464366
29,20,5,6,0.225,0.848,1,0.01473999,0.03137207,0.153656006,3,0.856405217
29,20,5,7,0.225,0.848,1,0.01473999,0.03137207,0.153656006,3,0.727374598
29,20,5,8,0.225,0.848,1,0.01473999,0.03137207,0.153656006,3,0.72773659
29,20,5,9,0.225,0.848,1,0.01473999,0.03137207,0.153656006,3,0.869913024
29,20,8,0,0.225,0.848,1,0.089935303,0.118377686,0.193725586,0,0.43608556
29,20,8,1,0.225,0.848,1,0.089935303,0.118377686,0.193725586,0,0.527411111
29,20,8,2,0.225,0.848,1,0.089935303,0.118377686,0.193725586,0,0.409325794
29,20,8,3,0.225,0.848,1,0.089935303,0.118377686,0.193725586,0,0.493755263
29,20,8,4,0.225,0.848,1,0.089935303,0.118377686,0.193725586,0,0.429780305
29,20,8,5,0.225,0.848,1,0.089935303,0.118377686,0.193725586,0,0.606433216
29,20,8,6,0.225,0.848,1,0.089935303,0.118377686,0.193725586,0,0.675240023
29,20,8,7,0.225,0.848,1,0.089935303,0.118377686,0.193725586,0,0.520331902
29,20,8,8,0.225,0.848,1,0.089935303,0.118377686,0.193725586,0,0.410358156
29,20,8,9,0.225,0.848,1,0.089935303,0.118377686,0.193725586,0,0.510421325
29,20,16,0,0.225,0.848,1,0.115386963,0.634796143,0.326446533,0,0.22336778
29,20,16,1,0.225,0.848,1,0.115386963,0.634796143,0.326446533,0,0.269000765
29,20,16,2,0.225,0.848,1,0.115386963,0.634796143,0.326446533,0,0.216378071
29,20,16,3,0.225,0.848,1,0.115386963,0.634796143,0.326446533,0,0.253439951
29,20,16,4,0.225,0.848,1,0.115386963,0.634796143,0.326446533,0,0.353486343
29,20,16,5,0.225,0.848,1,0.115386963,0.634796143,0.326446533,0,0.307838162
29,20,16,6,0.225,0.848,1,0.115386963,0.634796143,0.326446533,0,0.394331072
29,20,16,7,0.225,0.848,1,0.115386963,0.634796143,0.326446533,0,0.264337267
29,20,16,8,0.225,0.848,1,0.115386963,0.634796143,0.326446533,0,0.225390575
29,20,16,9,0.225,0.848,1,0.115386963,0.634796143,0.326446533,0,0.431895217
30,13,1,0,0.214,0.883,1,0.034942627,0.513793945,0.727722168,3,0.572251721
30,13,1,1,0.214,0.883,1,0.034942627,0.513793945,0.727722168,3,0.42714241
30,13,1,2,0.214,0.883,1,0.034942627,0.513793945,0.727722168,3,0.38787733
30,13,1,3,0.214,0.883,1,0.034942627,0.513793945,0.727722168,3,0.418463385
30,13,1,4,0.214,0.883,1,0.034942627,0.513793945,0.727722168,3,0.629564369
30,13,1,5,0.214,0.883,1,0.034942627,0.513793945,0.727722168,3,0.55335877
30,13,1,6,0.214,0.883,1,0.034942627,0.513793945,0.727722168,3,0.591123515
30,13,1,7,0.214,0.883,1,0.034942627,0.513793945,0.727722168,3,0.547635734
30,13,1,8,0.214,0.883,1,0.034942627,0.513793945,0.727722168,3,0.565922022
30,13,1,9,0.214,0.883,1,0.034942627,0.513793945,0.727722168,3,0.586331887
30,13,6,0,0.214,0.883,1,0.108459473,0.800079346,0.625762939,2,0.53612586
30,13,6,1,0.214,0.883,1,0.108459473,0.800079346,0.625762939,2,0.463571205
30,13,6,2,0.214,0.883,1,0.108459473,0.800079346,0.625762939,2,0.443938665
30,13,6,3,0.214,0.883,1,0.108459473,0.800079346,0.625762939,2,0.459231693
30,13,6,4,0.214,0.883,1,0.108459473,0.800079346,0.625762939,2,0.564782184
30,13,6,5,0.214,0.883,1,0.108459473,0.800079346,0.625762939,2,0.526679385
30,13,6,6,0.214,0.883,1,0.108459473,0.800079346,0.625762939,2,0.545561758
30,13,6,7,0.214,0.883,1,0.108459473,0.800079346,0.625762939,2,0.523817867
30,13,6,8,0.214,0.883,1,0.108459473,0.800079346,0.625762939,2,0.532961011
30,13,6,9,0.214,0.883,1,0.108459473,0.800079346,0.625762939,2,0.543165944
31,10,6,0,0.21,0.878,1,0.131103516,0.518737793,0.59777832,3,0.721062912
31,10,6,1,0.21,0.878,1,0.131103516,0.518737793,0.59777832,3,0.684906175
31,10,6,2,0.21,0.878,1,0.131103516,0.518737793,0.59777832,3,0.654909075
31,10,6,3,0.21,0.878,1,0.131103516,0.518737793,0.59777832,3,0.677916838
31,10,6,4,0.21,0.878,1,0.131103516,0.518737793,0.59777832,3,0.591172416
31,10,6,5,0.21,0.878,1,0.131103516,0.518737793,0.59777832,3,0.719299239
31,10,6,6,0.21,0.878,1,0.131103516,0.518737793,0.59777832,3,0.641057115
31,10,6,7,0.21,0.878,1,0.131103516,0.518737793,0.59777832,3,0.719901232
31,10,6,8,0.21,0.878,1,0.131103516,0.518737793,0.59777832,3,0.681333634
31,10,6,9,0.21,0.878,1,0.131103516,0.518737793,0.59777832,3,0.559064689
31,10,8,0,0.21,0.878,1,0.081970215,0.048858643,0.601470947,4,0.838138736
31,10,8,1,0.21,0.878,1,0.081970215,0.048858643,0.601470947,4,0.783203416
31,10,8,2,0.21,0.878,1,0.081970215,0.048858643,0.601470947,4,0.737857651
31,10,8,3,0.21,0.878,1,0.081970215,0.048858643,0.601470947,4,0.832272413
31,10,8,4,0.21,0.878,1,0.081970215,0.048858643,0.601470947,4,0.58997827
31,10,8,5,0.21,0.878,1,0.081970215,0.048858643,0.601470947,4,0.849367477
31,10,8,6,0.21,0.878,1,0.081970215,0.048858643,0.601470947,4,0.575803698
31,10,8,7,0.21,0.878,1,0.081970215,0.048858643,0.601470947,4,0.845208702
31,10,8,8,0.21,0.878,1,0.081970215,0.048858643,0.601470947,4,0.825947118
31,10,8,9,0.21,0.878,1,0.081970215,0.048858643,0.601470947,4,0.714707083
32,15,11,0,0.224,0.892,1,0.052062988,0.143035889,0.738372803,4,0.837596842
32,15,11,1,0.224,0.892,1,0.052062988,0.143035889,0.738372803,4,0.880052486
32,15,11,2,0.224,0.892,1,0.052062988,0.143035889,0.738372803,4,0.775612277
32,15,11,3,0.224,0.892,1,0.052062988,0.143035889,0.738372803,4,0.880663426
32,15,11,4,0.224,0.892,1,0.052062988,0.143035889,0.738372803,4,0.791636974
32,15,11,5,0.224,0.892,1,0.052062988,0.143035889,0.738372803,4,0.788444998
32,15,11,6,0.224,0.892,1,0.052062988,0.143035889,0.738372803,4,0.764307544
32,15,11,7,0.224,0.892,1,0.052062988,0.143035889,0.738372803,4,0.907692967
32,15,11,8,0.224,0.892,1,0.052062988,0.143035889,0.738372803,4,0.753538319
32,15,11,9,0.224,0.892,1,0.052062988,0.143035889,0.738372803,4,0.843412486
32,15,12,0,0.224,0.892,1,0.11328125,0.36618042,0.587280273,0,0.430497035
32,15,12,1,0.224,0.892,1,0.11328125,0.36618042,0.587280273,0,0.449351818
32,15,12,2,0.224,0.892,1,0.11328125,0.36618042,0.587280273,0,0.394486276
32,15,12,3,0.224,0.892,1,0.11328125,0.36618042,0.587280273,0,0.477466205
32,15,12,4,0.224,0.892,1,0.11328125,0.36618042,0.587280273,0,0.405053886
32,15,12,5,0.224,0.892,1,0.11328125,0.36618042,0.587280273,0,0.535527619
32,15,12,6,0.224,0.892,1,0.11328125,0.36618042,0.587280273,0,0.386904923
32,15,12,7,0.224,0.892,1,0.11328125,0.36618042,0.587280273,0,0.473820032
32,15,12,8,0.224,0.892,1,0.11328125,0.36618042,0.587280273,0,0.460818617
32,15,12,9,0.224,0.892,1,0.11328125,0.36618042,0.587280273,0,0.448324584
33,22,2,0,0.215,0.885,1,0.010955811,0.00390625,0.328582764,4,0.633775992
33,22,2,1,0.215,0.885,1,0.010955811,0.00390625,0.328582764,4,0.713126688
33,22,2,2,0.215,0.885,1,0.010955811,0.00390625,0.328582764,4,0.603926589
33,22,2,3,0.215,0.885,1,0.010955811,0.00390625,0.328582764,4,0.703260322
33,22,2,4,0.215,0.885,1,0.010955811,0.00390625,0.328582764,4,0.699174782
33,22,2,5,0.215,0.885,1,0.010955811,0.00390625,0.328582764,4,0.631525069
33,22,2,6,0.215,0.885,1,0.010955811,0.00390625,0.328582764,4,0.669858157
33,22,2,7,0.215,0.885,1,0.010955811,0.00390625,0.328582764,4,0.721998632
33,22,2,8,0.215,0.885,1,0.010955811,0.00390625,0.328582764,4,0.570974069
33,22,2,9,0.215,0.885,1,0.010955811,0.00390625,0.328582764,4,0.710221236
33,22,8,0,0.215,0.885,1,0.060577393,0.12789917,0.425140381,0,0.328586609
33,22,8,1,0.215,0.885,1,0.060577393,0.12789917,0.425140381,0,0.365888919
33,22,8,2,0.215,0.885,1,0.060577393,0.12789917,0.425140381,0,0.308643432
33,22,8,3,0.215,0.885,1,0.060577393,0.12789917,0.425140381,0,0.388764653
33,22,8,4,0.215,0.885,1,0.060577393,0.12789917,0.425140381,0,0.35882279
33,22,8,5,0.215,0.885,1,0.060577393,0.12789917,0.425140381,0,0.457067654
33,22,8,6,0.215,0.885,1,0.060577393,0.12789917,0.425140381,0,0.33968023
33,22,8,7,0.215,0.885,1,0.060577393,0.12789917,0.425140381,0,0.380972865
33,22,8,8,0.215,0.885,1,0.060577393,0.12789917,0.425140381,0,0.369536492
33,22,8,9,0.215,0.885,1,0.060577393,0.12789917,0.425140381,0,0.381728959
33,22,10,0,0.215,0.885,1,0.116760254,0.664428711,0.350250244,3,0.613272427
33,22,10,1,0.215,0.885,1,0.116760254,0.664428711,0.350250244,3,0.626120639
33,22,10,2,0.215,0.885,1,0.116760254,0.664428711,0.350250244,3,0.436915168
33,22,10,3,0.215,0.885,1,0.116760254,0.664428711,0.350250244,3,0.511664895
33,22,10,4,0.215,0.885,1,0.116760254,0.664428711,0.350250244,3,0.593624622
33,22,10,5,0.215,0.885,1,0.116760254,0.664428711,0.350250244,3,0.500973778
33,22,10,6,0.215,0.885,1,0.116760254,0.664428711,0.350250244,3,0.5693428
33,22,10,7,0.215,0.885,1,0.116760254,0.664428711,0.350250244,3,0.452346349
33,22,10,8,0.215,0.885,1,0.116760254,0.664428711,0.350250244,3,0.466542239
33,22,10,9,0.215,0.885,1,0.116760254,0.664428711,0.350250244,3,0.650526516
33,22,19,0,0.215,0.885,1,0.045288086,0.394561768,0.728027344,1,0.346068383
33,22,19,1,0.215,0.885,1,0.045288086,0.394561768,0.728027344,1,0.520418292
33,22,19,2,0.215,0.885,1,0.045288086,0.394561768,0.728027344,1,0.43876929
33,22,19,3,0.215,0.885,1,0.045288086,0.394561768,0.728027344,1,0.464089037
33,22,19,4,0.215,0.885,1,0.045288086,0.394561768,0.728027344,1,0.343991114
33,22,19,5,0.215,0.885,1,0.045288086,0.394561768,0.728027344,1,0.3510472
33,22,19,6,0.215,0.885,1,0.045288086,0.394561768,0.728027344,1,0.390713421
33,22,19,7,0.215,0.885,1,0.045288086,0.394561768,0.728027344,1,0.310706075
33,22,19,8,0.215,0.885,1,0.045288086,0.394561768,0.728027344,1,0.280044385
33,22,19,9,0.215,0.885,1,0.045288086,0.394561768,0.728027344,1,0.454878979
33,22,21,0,0.215,0.885,1,0.093719482,0.520629883,0.993621826,3,0.594243362
33,22,21,1,0.215,0.885,1,0.093719482,0.520629883,0.993621826,3,0.614823374
33,22,21,2,0.215,0.885,1,0.093719482,0.520629883,0.993621826,3,0.616784697
33,22,21,3,0.215,0.885,1,0.093719482,0.520629883,0.993621826,3,0.564531826
33,22,21,4,0.215,0.885,1,0.093719482,0.520629883,0.993621826,3,0.558405243
33,22,21,5,0.215,0.885,1,0.093719482,0.520629883,0.993621826,3,0.430925604
33,22,21,6,0.215,0.885,1,0.093719482,0.520629883,0.993621826,3,0.446838055
33,22,21,7,0.215,0.885,1,0.093719482,0.520629883,0.993621826,3,0.453782383
33,22,21,8,0.215,0.885,1,0.093719482,0.520629883,0.993621826,3,0.51876024
33,22,21,9,0.215,0.885,1,0.093719482,0.520629883,0.993621826,3,0.57915231
35,23,5,0,0.211,0.883,1,0.028594971,0.031463623,0.047180176,3,0.614250755
35,23,5,1,0.211,0.883,1,0.028594971,0.031463623,0.047180176,3,0.731764425
35,23,5,2,0.211,0.883,1,0.028594971,0.031463623,0.047180176,3,0.752928972
35,23,5,3,0.211,0.883,1,0.028594971,0.031463623,0.047180176,3,0.739081773
35,23,5,4,0.211,0.883,1,0.028594971,0.031463623,0.047180176,3,0.602064298
35,23,5,5,0.211,0.883,1,0.028594971,0.031463623,0.047180176,3,0.631254214
35,23,5,6,0.211,0.883,1,0.028594971,0.031463623,0.047180176,3,0.650745702
35,23,5,7,0.211,0.883,1,0.028594971,0.031463623,0.047180176,3,0.654691651
35,23,5,8,0.211,0.883,1,0.028594971,0.031463623,0.047180176,3,0.647433207
35,23,5,9,0.211,0.883,1,0.028594971,0.031463623,0.047180176,3,0.696528404
35,23,16,0,0.211,0.883,1,0.079193115,0.862579346,0.209869385,3,0.7561045
35,23,16,1,0.211,0.883,1,0.079193115,0.862579346,0.209869385,3,0.809058392
35,23,16,2,0.211,0.883,1,0.079193115,0.862579346,0.209869385,3,0.659057939
35,23,16,3,0.211,0.883,1,0.079193115,0.862579346,0.209869385,3,0.686823455
35,23,16,4,0.211,0.883,1,0.079193115,0.862579346,0.209869385,3,0.715245376
35,23,16,5,0.211,0.883,1,0.079193115,0.862579346,0.209869385,3,0.588067058
35,23,16,6,0.211,0.883,1,0.079193115,0.862579346,0.209869385,3,0.724875536
35,23,16,7,0.211,0.883,1,0.079193115,0.862579346,0.209869385,3,0.589205743
35,23,16,8,0.211,0.883,1,0.079193115,0.862579346,0.209869385,3,0.605490596
35,23,16,9,0.211,0.883,1,0.079193115,0.862579346,0.209869385,3,0.807926238
35,23,21,0,0.211,0.883,1,0.041351318,0.727935791,0.072906494,0,0.394956238
35,23,21,1,0.211,0.883,1,0.041351318,0.727935791,0.072906494,0,0.476478516
35,23,21,2,0.211,0.883,1,0.041351318,0.727935791,0.072906494,0,0.360774228
35,23,21,3,0.211,0.883,1,0.041351318,0.727935791,0.072906494,0,0.44463402
35,23,21,4,0.211,0.883,1,0.041351318,0.727935791,0.072906494,0,0.397393187
35,23,21,5,0.211,0.883,1,0.041351318,0.727935791,0.072906494,0,0.533234562
35,23,21,6,0.211,0.883,1,0.041351318,0.727935791,0.072906494,0,0.609475183
35,23,21,7,0.211,0.883,1,0.041351318,0.727935791,0.072906494,0,0.451247474
35,23,21,8,0.211,0.883,1,0.041351318,0.727935791,0.072906494,0,0.349235159
35,23,21,9,0.211,0.883,1,0.041351318,0.727935791,0.072906494,0,0.479427932
36,19,4,0,0.226,0.864,1,0.075317383,0.506744385,0.536193848,3,0.650478101
36,19,4,1,0.226,0.864,1,0.075317383,0.506744385,0.536193848,3,0.691359831
36,19,4,2,0.226,0.864,1,0.075317383,0.506744385,0.536193848,3,0.613326857
36,19,4,3,0.226,0.864,1,0.075317383,0.506744385,0.536193848,3,0.670618002
36,19,4,4,0.226,0.864,1,0.075317383,0.506744385,0.536193848,3,0.507477917
36,19,4,5,0.226,0.864,1,0.075317383,0.506744385,0.536193848,3,0.722576828
36,19,4,6,0.226,0.864,1,0.075317383,0.506744385,0.536193848,3,0.673013827
36,19,4,7,0.226,0.864,1,0.075317383,0.506744385,0.536193848,3,0.683616036
36,19,4,8,0.226,0.864,1,0.075317383,0.506744385,0.536193848,3,0.589470708
36,19,4,9,0.226,0.864,1,0.075317383,0.506744385,0.536193848,3,0.527195684
36,19,5,0,0.226,0.864,1,0.013061523,0.354705811,0.068481445,4,0.743766525
36,19,5,1,0.226,0.864,1,0.013061523,0.354705811,0.068481445,4,0.834130694
36,19,5,2,0.226,0.864,1,0.013061523,0.354705811,0.068481445,4,0.713346879
36,19,5,3,0.226,0.864,1,0.013061523,0.354705811,0.068481445,4,0.799836221
36,19,5,4,0.226,0.864,1,0.013061523,0.354705811,0.068481445,4,0.750386798
36,19,5,5,0.226,0.864,1,0.013061523,0.354705811,0.068481445,4,0.725049673
36,19,5,6,0.226,0.864,1,0.013061523,0.354705811,0.068481445,4,0.812912609
36,19,5,7,0.226,0.864,1,0.013061523,0.354705811,0.068481445,4,0.826896633
36,19,5,8,0.226,0.864,1,0.013061523,0.354705811,0.068481445,4,0.635300115
36,19,5,9,0.226,0.864,1,0.013061523,0.354705811,0.068481445,4,0.749656786
36,19,8,0,0.226,0.864,1,0.163879395,0.176452637,0.620544434,1,0.450674092
36,19,8,1,0.226,0.864,1,0.163879395,0.176452637,0.620544434,1,0.562451119
36,19,8,2,0.226,0.864,1,0.163879395,0.176452637,0.620544434,1,0.459273388
36,19,8,3,0.226,0.864,1,0.163879395,0.176452637,0.620544434,1,0.567430803
36,19,8,4,0.226,0.864,1,0.163879395,0.176452637,0.620544434,1,0.488783713
36,19,8,5,0.226,0.864,1,0.163879395,0.176452637,0.620544434,1,0.607122832
36,19,8,6,0.226,0.864,1,0.163879395,0.176452637,0.620544434,1,0.65497496
36,19,8,7,0.226,0.864,1,0.163879395,0.176452637,0.620544434,1,0.615018971
36,19,8,8,0.226,0.864,1,0.163879395,0.176452637,0.620544434,1,0.43891201
36,19,8,9,0.226,0.864,1,0.163879395,0.176452637,0.620544434,1,0.523115572
36,19,12,0,0.226,0.864,1,0.171264648,0.41204834,0.0027771,2,0.475337046
36,19,12,1,0.226,0.864,1,0.171264648,0.41204834,0.0027771,2,0.531225559
36,19,12,2,0.226,0.864,1,0.171264648,0.41204834,0.0027771,2,0.479636694
36,19,12,3,0.226,0.864,1,0.171264648,0.41204834,0.0027771,2,0.533715402
36,19,12,4,0.226,0.864,1,0.171264648,0.41204834,0.0027771,2,0.494391856
36,19,12,5,0.226,0.864,1,0.171264648,0.41204834,0.0027771,2,0.553561416
36,19,12,6,0.226,0.864,1,0.171264648,0.41204834,0.0027771,2,0.57748748
36,19,12,7,0.226,0.864,1,0.171264648,0.41204834,0.0027771,2,0.557509485
36,19,12,8,0.226,0.864,1,0.171264648,0.41204834,0.0027771,2,0.469456005
36,19,12,9,0.226,0.864,1,0.171264648,0.41204834,0.0027771,2,0.511557786
38,27,4,0,0.186,0.87,1,0.185760498,0.576721191,0.056732178,4,0.732343523
38,27,4,1,0.186,0.87,1,0.185760498,0.576721191,0.056732178,4,0.76031757
38,27,4,2,0.186,0.87,1,0.185760498,0.576721191,0.056732178,4,0.728103173
38,27,4,3,0.186,0.87,1,0.185760498,0.576721191,0.056732178,4,0.760295382
38,27,4,4,0.186,0.87,1,0.185760498,0.576721191,0.056732178,4,0.608599738
38,27,4,5,0.186,0.87,1,0.185760498,0.576721191,0.056732178,4,0.772159154
38,27,4,6,0.186,0.87,1,0.185760498,0.576721191,0.056732178,4,0.73203268
38,27,4,7,0.186,0.87,1,0.185760498,0.576721191,0.056732178,4,0.774583426
38,27,4,8,0.186,0.87,1,0.185760498,0.576721191,0.056732178,4,0.714516505
38,27,4,9,0.186,0.87,1,0.185760498,0.576721191,0.056732178,4,0.579094339
38,27,6,0,0.186,0.87,1,0.068847656,0.341033936,0.716461182,0,0.377870375
38,27,6,1,0.186,0.87,1,0.068847656,0.341033936,0.716461182,0,0.38948436
38,27,6,2,0.186,0.87,1,0.068847656,0.341033936,0.716461182,0,0.370731724
38,27,6,3,0.186,0.87,1,0.068847656,0.341033936,0.716461182,0,0.417282183
38,27,6,4,0.186,0.87,1,0.068847656,0.341033936,0.716461182,0,0.313535267
38,27,6,5,0.186,0.87,1,0.068847656,0.341033936,0.716461182,0,0.527384697
38,27,6,6,0.186,0.87,1,0.068847656,0.341033936,0.716461182,0,0.370767491
38,27,6,7,0.186,0.87,1,0.068847656,0.341033936,0.716461182,0,0.407265262
38,27,6,8,0.186,0.87,1,0.068847656,0.341033936,0.716461182,0,0.44130771
38,27,6,9,0.186,0.87,1,0.068847656,0.341033936,0.716461182,0,0.316165511
38,27,18,0,0.186,0.87,1,0.120391846,0.273742676,0.117492676,4,0.607462662
38,27,18,1,0.186,0.87,1,0.120391846,0.273742676,0.117492676,4,0.683192959
38,27,18,2,0.186,0.87,1,0.120391846,0.273742676,0.117492676,4,0.592049313
38,27,18,3,0.186,0.87,1,0.120391846,0.273742676,0.117492676,4,0.673168311
38,27,18,4,0.186,0.87,1,0.120391846,0.273742676,0.117492676,4,0.653415473
38,27,18,5,0.186,0.87,1,0.120391846,0.273742676,0.117492676,4,0.627453608
38,27,18,6,0.186,0.87,1,0.120391846,0.273742676,0.117492676,4,0.661789441
38,27,18,7,0.186,0.87,1,0.120391846,0.273742676,0.117492676,4,0.688721247
38,27,18,8,0.186,0.87,1,0.120391846,0.273742676,0.117492676,4,0.561218616
38,27,18,9,0.186,0.87,1,0.120391846,0.273742676,0.117492676,4,0.6441417
39,5,0,0,0.233,0.878,1,0.204162598,0.134857178,0.783966064,1,0.370749544
39,5,0,1,0.233,0.878,1,0.204162598,0.134857178,0.783966064,1,0.402175455
39,5,0,2,0.233,0.878,1,0.204162598,0.134857178,0.783966064,1,0.348143114
39,5,0,3,0.233,0.878,1,0.204162598,0.134857178,0.783966064,1,0.446946765
39,5,0,4,0.233,0.878,1,0.204162598,0.134857178,0.783966064,1,0.387023656
39,5,0,5,0.233,0.878,1,0.204162598,0.134857178,0.783966064,1,0.506535134
39,5,0,6,0.233,0.878,1,0.204162598,0.134857178,0.783966064,1,0.37549901
39,5,0,7,0.233,0.878,1,0.204162598,0.134857178,0.783966064,1,0.429072539
39,5,0,8,0.233,0.878,1,0.204162598,0.134857178,0.783966064,1,0.435666941
39,5,0,9,0.233,0.878,1,0.204162598,0.134857178,0.783966064,1,0.417909299
39,5,2,0,0.233,0.878,1,0.120697021,0.851867676,0.77520752,4,0.603902246
39,5,2,1,0.233,0.878,1,0.120697021,0.851867676,0.77520752,4,0.689538506
39,5,2,2,0.233,0.878,1,0.120697021,0.851867676,0.77520752,4,0.580755008
39,5,2,3,0.233,0.878,1,0.120697021,0.851867676,0.77520752,4,0.688000602
39,5,2,4,0.233,0.878,1,0.120697021,0.851867676,0.77520752,4,0.690159667
39,5,2,5,0.233,0.878,1,0.120697021,0.851867676,0.77520752,4,0.617028826
39,5,2,6,0.233,0.878,1,0.120697021,0.851867676,0.77520752,4,0.6641552
39,5,2,7,0.233,0.878,1,0.120697021,0.851867676,0.77520752,4,0.699624885
39,5,2,8,0.233,0.878,1,0.120697021,0.851867676,0.77520752,4,0.558398231
39,5,2,9,0.233,0.878,1,0.120697021,0.851867676,0.77520752,4,0.695013594
40,16,11,0,0.217,0.889,1,0.191497803,0.868347168,0.775512695,3,0.73493291
40,16,11,1,0.217,0.889,1,0.191497803,0.868347168,0.775512695,3,0.784190277
40,16,11,2,0.217,0.889,1,0.191497803,0.868347168,0.775512695,3,0.738259047
40,16,11,3,0.217,0.889,1,0.191497803,0.868347168,0.775512695,3,0.733637692
40,16,11,4,0.217,0.889,1,0.191497803,0.868347168,0.775512695,3,0.784763915
40,16,11,5,0.217,0.889,1,0.191497803,0.868347168,0.775512695,3,0.615706083
40,16,11,6,0.217,0.889,1,0.191497803,0.868347168,0.775512695,3,0.78747331
40,16,11,7,0.217,0.889,1,0.191497803,0.868347168,0.775512695,3,0.765100527
40,16,11,8,0.217,0.889,1,0.191497803,0.868347168,0.775512695,3,0.624141483
40,16,11,9,0.217,0.889,1,0.191497803,0.868347168,0.775512695,3,0.751668348
40,16,12,0,0.217,0.889,1,0.021850586,0.076019287,0.500396729,1,0.414466473
40,16,12,1,0.217,0.889,1,0.021850586,0.076019287,0.500396729,1,0.438974566
40,16,12,2,0.217,0.889,1,0.021850586,0.076019287,0.500396729,1,0.436189781
40,16,12,3,0.217,0.889,1,0.021850586,0.076019287,0.500396729,1,0.418517854
40,16,12,4,0.217,0.889,1,0.021850586,0.076019287,0.500396729,1,0.583600634
40,16,12,5,0.217,0.889,1,0.021850586,0.076019287,0.500396729,1,0.351893495
40,16,12,6,0.217,0.889,1,0.021850586,0.076019287,0.500396729,1,0.525460419
40,16,12,7,0.217,0.889,1,0.021850586,0.076019287,0.500396729,1,0.424557965
40,16,12,8,0.217,0.889,1,0.021850586,0.076019287,0.500396729,1,0.397217612
40,16,12,9,0.217,0.889,1,0.021850586,0.076019287,0.500396729,1,0.588352456
41,17,0,0,0.222,0.866,1,0.025817871,0.798553467,0.896575928,1,0.246665406
41,17,0,1,0.222,0.866,1,0.025817871,0.798553467,0.896575928,1,0.426845255
41,17,0,2,0.222,0.866,1,0.025817871,0.798553467,0.896575928,1,0.438406596
41,17,0,3,0.222,0.866,1,0.025817871,0.798553467,0.896575928,1,0.417515517
41,17,0,4,0.222,0.866,1,0.025817871,0.798553467,0.896575928,1,0.33897912
41,17,0,5,0.222,0.866,1,0.025817871,0.798553467,0.896575928,1,0.276507058
41,17,0,6,0.222,0.866,1,0.025817871,0.798553467,0.896575928,1,0.36877223
41,17,0,7,0.222,0.866,1,0.025817871,0.798553467,0.896575928,1,0.296811882
41,17,0,8,0.222,0.866,1,0.025817871,0.798553467,0.896575928,1,0.245382072
41,17,0,9,0.222,0.866,1,0.025817871,0.798553467,0.896575928,1,0.423791949
41,17,12,0,0.222,0.866,1,0.1925354,0.815002441,0.002227783,3,0.544541873
41,17,12,1,0.222,0.866,1,0.1925354,0.815002441,0.002227783,3,0.568036856
41,17,12,2,0.222,0.866,1,0.1925354,0.815002441,0.002227783,3,0.61660335
41,17,12,3,0.222,0.866,1,0.1925354,0.815002441,0.002227783,3,0.541245066
41,17,12,4,0.222,0.866,1,0.1925354,0.815002441,0.002227783,3,0.555899246
41,17,12,5,0.222,0.866,1,0.1925354,0.815002441,0.002227783,3,0.393655534
41,17,12,6,0.222,0.866,1,0.1925354,0.815002441,0.002227783,3,0.43586746
41,17,12,7,0.222,0.866,1,0.1925354,0.815002441,0.002227783,3,0.446835287
41,17,12,8,0.222,0.866,1,0.1925354,0.815002441,0.002227783,3,0.501429083
41,17,12,9,0.222,0.866,1,0.1925354,0.815002441,0.002227783,3,0.563608795
42,3,0,0,0.208,0.883,1,0.119873047,0.238647461,0.453155518,2,0.522270937
42,3,0,1,0.208,0.883,1,0.119873047,0.238647461,0.453155518,2,0.534018428
42,3,0,2,0.208,0.883,1,0.119873047,0.238647461,0.453155518,2,0.558301675
42,3,0,3,0.208,0.883,1,0.119873047,0.238647461,0.453155518,2,0.520622533
42,3,0,4,0.208,0.883,1,0.119873047,0.238647461,0.453155518,2,0.527949623
42,3,0,5,0.208,0.883,1,0.119873047,0.238647461,0.453155518,2,0.446827767
42,3,0,6,0.208,0.883,1,0.119873047,0.238647461,0.453155518,2,0.46793373
42,3,0,7,0.208,0.883,1,0.119873047,0.238647461,0.453155518,2,0.473417643
42,3,0,8,0.208,0.883,1,0.119873047,0.238647461,0.453155518,2,0.500714542
42,3,0,9,0.208,0.883,1,0.119873047,0.238647461,0.453155518,2,0.531804398
43,19,0,0,0.208,0.866,1,0.067932129,0.796600342,0.356292725,0,0.385906457
43,19,0,1,0.208,0.866,1,0.067932129,0.796600342,0.356292725,0,0.282409045
43,19,0,2,0.208,0.866,1,0.067932129,0.796600342,0.356292725,0,0.2868149
43,19,0,3,0.208,0.866,1,0.067932129,0.796600342,0.356292725,0,0.264739927
43,19,0,4,0.208,0.866,1,0.067932129,0.796600342,0.356292725,0,0.379660292
43,19,0,5,0.208,0.866,1,0.067932129,0.796600342,0.356292725,0,0.243114236
43,19,0,6,0.208,0.866,1,0.067932129,0.796600342,0.356292725,0,0.248021435
43,19,0,7,0.208,0.866,1,0.067932129,0.796600342,0.356292725,0,0.250555935
43,19,0,8,0.208,0.866,1,0.067932129,0.796600342,0.356292725,0,0.288771683
43,19,0,9,0.208,0.866,1,0.067932129,0.796600342,0.356292725,0,0.290742913
43,19,3,0,0.208,0.866,1,0.206878662,0.197753906,0.872894287,4,0.670560509
43,19,3,1,0.208,0.866,1,0.206878662,0.197753906,0.872894287,4,0.581954851
43,19,3,2,0.208,0.866,1,0.206878662,0.197753906,0.872894287,4,0.553810564
43,19,3,3,0.208,0.866,1,0.206878662,0.197753906,0.872894287,4,0.625683958
43,19,3,4,0.208,0.866,1,0.206878662,0.197753906,0.872894287,4,0.484222208
43,19,3,5,0.208,0.866,1,0.206878662,0.197753906,0.872894287,4,0.611274976
43,19,3,6,0.208,0.866,1,0.206878662,0.197753906,0.872894287,4,0.379285858
43,19,3,7,0.208,0.866,1,0.206878662,0.197753906,0.872894287,4,0.610536053
43,19,3,8,0.208,0.866,1,0.206878662,0.197753906,0.872894287,4,0.629666142
43,19,3,9,0.208,0.866,1,0.206878662,0.197753906,0.872894287,4,0.580546194
43,19,13,0,0.208,0.866,1,0.075256348,0.767700195,0.011932373,3,0.717271217
43,19,13,1,0.208,0.866,1,0.075256348,0.767700195,0.011932373,3,0.616961358
43,19,13,2,0.208,0.866,1,0.075256348,0.767700195,0.011932373,3,0.69499114
43,19,13,3,0.208,0.866,1,0.075256348,0.767700195,0.011932373,3,0.578873897
43,19,13,4,0.208,0.866,1,0.075256348,0.767700195,0.011932373,3,0.651395469
43,19,13,5,0.208,0.866,1,0.075256348,0.767700195,0.011932373,3,0.694262441
43,19,13,6,0.208,0.866,1,0.075256348,0.767700195,0.011932373,3,0.586897623
43,19,13,7,0.208,0.866,1,0.075256348,0.767700195,0.011932373,3,0.74268737
43,19,13,8,0.208,0.866,1,0.075256348,0.767700195,0.011932373,3,0.649526989
43,19,13,9,0.208,0.866,1,0.075256348,0.767700195,0.011932373,3,0.558242981
44,18,11,0,0.229,0.874,1,0.131286621,0.457183838,0.74911499,0,0.381028329
44,18,11,1,0.229,0.874,1,0.131286621,0.457183838,0.74911499,0,0.367730351
44,18,11,2,0.229,0.874,1,0.131286621,0.457183838,0.74911499,0,0.437092456
44,18,11,3,0.229,0.874,1,0.131286621,0.457183838,0.74911499,0,0.296122954
44,18,11,4,0.229,0.874,1,0.131286621,0.457183838,0.74911499,0,0.531305673
44,18,11,5,0.229,0.874,1,0.131286621,0.457183838,0.74911499,0,0.357413363
44,18,11,6,0.229,0.874,1,0.131286621,0.457183838,0.74911499,0,0.538173671
44,18,11,7,0.229,0.874,1,0.131286621,0.457183838,0.74911499,0,0.386085599
44,18,11,8,0.229,0.874,1,0.131286621,0.457183838,0.74911499,0,0.339483194
44,18,11,9,0.229,0.874,1,0.131286621,0.457183838,0.74911499,0,0.343946752
45,23,0,0,0.212,0.857,1,0.007995605,0.229614258,0.69152832,3,0.643514146
45,23,0,1,0.212,0.857,1,0.007995605,0.229614258,0.69152832,3,0.636985748
45,23,0,2,0.212,0.857,1,0.007995605,0.229614258,0.69152832,3,0.651485971
45,23,0,3,0.212,0.857,1,0.007995605,0.229614258,0.69152832,3,0.596362469
45,23,0,4,0.212,0.857,1,0.007995605,0.229614258,0.69152832,3,0.57443416
45,23,0,5,0.212,0.857,1,0.007995605,0.229614258,0.69152832,3,0.634666228
45,23,0,6,0.212,0.857,1,0.007995605,0.229614258,0.69152832,3,0.637363071
45,23,0,7,0.212,0.857,1,0.007995605,0.229614258,0.69152832,3,0.651035098
45,23,0,8,0.212,0.857,1,0.007995605,0.229614258,0.69152832,3,0.584594726
45,23,0,9,0.212,0.857,1,0.007995605,0.229614258,0.69152832,3,0.459455094
45,23,14,0,0.212,0.857,1,0.187103271,0.746551514,0.920410156,4,0.696986084
45,23,14,1,0.212,0.857,1,0.187103271,0.746551514,0.920410156,4,0.803093043
45,23,14,2,0.212,0.857,1,0.187103271,0.746551514,0.920410156,4,0.818078923
45,23,14,3,0.212,0.857,1,0.187103271,0.746551514,0.920410156,4,0.793752574
45,23,14,4,0.212,0.857,1,0.187103271,0.746551514,0.920410156,4,0.671531599
45,23,14,5,0.212,0.857,1,0.187103271,0.746551514,0.920410156,4,0.797632761
45,23,14,6,0.212,0.857,1,0.187103271,0.746551514,0.920410156,4,0.804626966
45,23,14,7,0.212,0.857,1,0.187103271,0.746551514,0.920410156,4,0.811670436
45,23,14,8,0.212,0.857,1,0.187103271,0.746551514,0.920410156,4,0.753882951
45,23,14,9,0.212,0.857,1,0.187103271,0.746551514,0.920410156,4,0.704886833
46,15,5,0,0.215,0.874,1,0.115600586,0.799560547,0.883575439,3,0.781474829
46,15,5,1,0.215,0.874,1,0.115600586,0.799560547,0.883575439,3,0.840967546
46,15,5,2,0.215,0.874,1,0.115600586,0.799560547,0.883575439,3,0.856921004
46,15,5,3,0.215,0.874,1,0.115600586,0.799560547,0.883575439,3,0.786513678
46,15,5,4,0.215,0.874,1,0.115600586,0.799560547,0.883575439,3,0.775449881
46,15,5,5,0.215,0.874,1,0.115600586,0.799560547,0.883575439,3,0.70600805
46,15,5,6,0.215,0.874,1,0.115600586,0.799560547,0.883575439,3,0.857709193
46,15,5,7,0.215,0.874,1,0.115600586,0.799560547,0.883575439,3,0.821123302
46,15,5,8,0.215,0.874,1,0.115600586,0.799560547,0.883575439,3,0.721883842
46,15,5,9,0.215,0.874,1,0.115600586,0.799560547,0.883575439,3,0.756604967
46,15,7,0,0.215,0.874,1,0.074554443,0.420593262,0.44418335,0,0.396062415
46,15,7,1,0.215,0.874,1,0.074554443,0.420593262,0.44418335,0,0.425778982
46,15,7,2,0.215,0.874,1,0.074554443,0.420593262,0.44418335,0,0.440175676
46,15,7,3,0.215,0.874,1,0.074554443,0.420593262,0.44418335,0,0.399819158
46,15,7,4,0.215,0.874,1,0.074554443,0.420593262,0.44418335,0,0.526321131
46,15,7,5,0.215,0.874,1,0.074554443,0.420593262,0.44418335,0,0.357625579
46,15,7,6,0.215,0.874,1,0.074554443,0.420593262,0.44418335,0,0.485565657
46,15,7,7,0.215,0.874,1,0.074554443,0.420593262,0.44418335,0,0.414732967
46,15,7,8,0.215,0.874,1,0.074554443,0.420593262,0.44418335,0,0.381153418
46,15,7,9,0.215,0.874,1,0.074554443,0.420593262,0.44418335,0,0.554987038
46,15,10,0,0.215,0.874,1,0.028656006,0.405975342,0.833953857,0,0.39968518
46,15,10,1,0.215,0.874,1,0.028656006,0.405975342,0.833953857,0,0.227026386
46,15,10,2,0.215,0.874,1,0.028656006,0.405975342,0.833953857,0,0.226412835
46,15,10,3,0.215,0.874,1,0.028656006,0.405975342,0.833953857,0,0.265337435
46,15,10,4,0.215,0.874,1,0.028656006,0.405975342,0.833953857,0,0.501995233
46,15,10,5,0.215,0.874,1,0.028656006,0.405975342,0.833953857,0,0.18500666
46,15,10,6,0.215,0.874,1,0.028656006,0.405975342,0.833953857,0,0.287000663
46,15,10,7,0.215,0.874,1,0.028656006,0.405975342,0.833953857,0,0.230474804
46,15,10,8,0.215,0.874,1,0.028656006,0.405975342,0.833953857,0,0.216289748
46,15,10,9,0.215,0.874,1,0.028656006,0.405975342,0.833953857,0,0.444562238
46,15,13,0,0.215,0.874,1,0.172454834,0.338287354,0.380187988,0,0.22223531
46,15,13,1,0.215,0.874,1,0.172454834,0.338287354,0.380187988,0,0.172762865
46,15,13,2,0.215,0.874,1,0.172454834,0.338287354,0.380187988,0,0.202803304
46,15,13,3,0.215,0.874,1,0.172454834,0.338287354,0.380187988,0,0.139354723
46,15,13,4,0.215,0.874,1,0.172454834,0.338287354,0.380187988,0,0.456605555
46,15,13,5,0.215,0.874,1,0.172454834,0.338287354,0.380187988,0,0.102785473
46,15,13,6,0.215,0.874,1,0.172454834,0.338287354,0.380187988,0,0.388225191
46,15,13,7,0.215,0.874,1,0.172454834,0.338287354,0.380187988,0,0.129979316
46,15,13,8,0.215,0.874,1,0.172454834,0.338287354,0.380187988,0,0.122864573
46,15,13,9,0.215,0.874,1,0.172454834,0.338287354,0.380187988,0,0.287106381
47,10,1,0,0.204,0.889,1,0.020324707,0.495544434,0.517608643,3,0.564117637
47,10,1,1,0.204,0.889,1,0.020324707,0.495544434,0.517608643,3,0.539502005
47,10,1,2,0.204,0.889,1,0.020324707,0.495544434,0.517608643,3,0.534341395
47,10,1,3,0.204,0.889,1,0.020324707,0.495544434,0.517608643,3,0.517978353
47,10,1,4,0.204,0.889,1,0.020324707,0.495544434,0.517608643,3,0.537084101
47,10,1,5,0.204,0.889,1,0.020324707,0.495544434,0.517608643,3,0.507352283
47,10,1,6,0.204,0.889,1,0.020324707,0.495544434,0.517608643,3,0.562388831
47,10,1,7,0.204,0.889,1,0.020324707,0.495544434,0.517608643,3,0.522981957
47,10,1,8,0.204,0.889,1,0.020324707,0.495544434,0.517608643,3,0.476285416
47,10,1,9,0.204,0.889,1,0.020324707,0.495544434,0.517608643,3,0.431034908
48,11,5,0,0.235,0.876,1,0.118438721,0.644042969,0.328979492,4,0.759666098
48,11,5,1,0.235,0.876,1,0.118438721,0.644042969,0.328979492,4,0.710501331
48,11,5,2,0.235,0.876,1,0.118438721,0.644042969,0.328979492,4,0.677573811
48,11,5,3,0.235,0.876,1,0.118438721,0.644042969,0.328979492,4,0.752303171
48,11,5,4,0.235,0.876,1,0.118438721,0.644042969,0.328979492,4,0.562934112
48,11,5,5,0.235,0.876,1,0.118438721,0.644042969,0.328979492,4,0.743393999
48,11,5,6,0.235,0.876,1,0.118438721,0.644042969,0.328979492,4,0.536469556
48,11,5,7,0.235,0.876,1,0.118438721,0.644042969,0.328979492,4,0.746749064
48,11,5,8,0.235,0.876,1,0.118438721,0.644042969,0.328979492,4,0.723423009
48,11,5,9,0.235,0.876,1,0.118438721,0.644042969,0.328979492,4,0.650692192
48,11,8,0,0.235,0.876,1,0.228302002,0.513793945,0.674346924,3,0.812814836
48,11,8,1,0.235,0.876,1,0.228302002,0.513793945,0.674346924,3,0.79467169
48,11,8,2,0.235,0.876,1,0.228302002,0.513793945,0.674346924,3,0.786668448
48,11,8,3,0.235,0.876,1,0.228302002,0.513793945,0.674346924,3,0.765788976
48,11,8,4,0.235,0.876,1,0.228302002,0.513793945,0.674346924,3,0.721151137
48,11,8,5,0.235,0.876,1,0.228302002,0.513793945,0.674346924,3,0.678888669
48,11,8,6,0.235,0.876,1,0.228302002,0.513793945,0.674346924,3,0.723630488
48,11,8,7,0.235,0.876,1,0.228302002,0.513793945,0.674346924,3,0.788662616
48,11,8,8,0.235,0.876,1,0.228302002,0.513793945,0.674346924,3,0.706653871
48,11,8,9,0.235,0.876,1,0.228302002,0.513793945,0.674346924,3,0.729507647
49,29,1,0,0.196,0.879,1,0.0496521,0.858520508,0.596496582,1,0.495402326
49,29,1,1,0.196,0.879,1,0.0496521,0.858520508,0.596496582,1,0.531476586
49,29,1,2,0.196,0.879,1,0.0496521,0.858520508,0.596496582,1,0.552558625
49,29,1,3,0.196,0.879,1,0.0496521,0.858520508,0.596496582,1,0.435033725
49,29,1,4,0.196,0.879,1,0.0496521,0.858520508,0.596496582,1,0.588201761
49,29,1,5,0.196,0.879,1,0.0496521,0.858520508,0.596496582,1,0.402725028
49,29,1,6,0.196,0.879,1,0.0496521,0.858520508,0.596496582,1,0.60917738
49,29,1,7,0.196,0.879,1,0.0496521,0.858520508,0.596496582,1,0.468544739
49,29,1,8,0.196,0.879,1,0.0496521,0.858520508,0.596496582,1,0.42749128
49,29,1,9,0.196,0.879,1,0.0496521,0.858520508,0.596496582,1,0.50399259
49,29,9,0,0.196,0.879,1,0.13192749,0.097381592,0.869506836,3,0.700701145
49,29,9,1,0.196,0.879,1,0.13192749,0.097381592,0.869506836,3,0.718858866
49,29,9,2,0.196,0.879,1,0.13192749,0.097381592,0.869506836,3,0.709219055
49,29,9,3,0.196,0.879,1,0.13192749,0.097381592,0.869506836,3,0.665817854
49,29,9,4,0.196,0.879,1,0.13192749,0.097381592,0.869506836,3,0.602882204
49,29,9,5,0.196,0.879,1,0.13192749,0.097381592,0.869506836,3,0.657322061
49,29,9,6,0.196,0.879,1,0.13192749,0.097381592,0.869506836,3,0.672864926
49,29,9,7,0.196,0.879,1,0.13192749,0.097381592,0.869506836,3,0.692264668
49,29,9,8,0.196,0.879,1,0.13192749,0.097381592,0.869506836,3,0.628598769
49,29,9,9,0.196,0.879,1,0.13192749,0.097381592,0.869506836,3,0.539478012
50,11,1,0,0.227,0.872,1,0.196990967,0.782775879,0.850250244,3,0.771559743
50,11,1,1,0.227,0.872,1,0.196990967,0.782775879,0.850250244,3,0.714043661
50,11,1,2,0.227,0.872,1,0.196990967,0.782775879,0.850250244,3,0.752009579
50,11,1,3,0.227,0.872,1,0.196990967,0.782775879,0.850250244,3,0.665396234
50,11,1,4,0.227,0.872,1,0.196990967,0.782775879,0.850250244,3,0.687850788
50,11,1,5,0.227,0.872,1,0.196990967,0.782775879,0.850250244,3,0.584063035
50,11,1,6,0.227,0.872,1,0.196990967,0.782775879,0.850250244,3,0.587913808
50,11,1,7,0.227,0.872,1,0.196990967,0.782775879,0.850250244,3,0.64456168
50,11,1,8,0.227,0.872,1,0.196990967,0.782775879,0.850250244,3,0.693037432
50,11,1,9,0.227,0.872,1,0.196990967,0.782775879,0.850250244,3,0.621451827
50,11,2,0,0.227,0.872,1,0.156280518,0.824310303,0.447998047,2,0.635779872
50,11,2,1,0.227,0.872,1,0.156280518,0.824310303,0.447998047,2,0.60702183
50,11,2,2,0.227,0.872,1,0.156280518,0.824310303,0.447998047,2,0.62600479
50,11,2,3,0.227,0.872,1,0.156280518,0.824310303,0.447998047,2,0.582698117
50,11,2,4,0.227,0.872,1,0.156280518,0.824310303,0.447998047,2,0.593925394
50,11,2,5,0.227,0.872,1,0.156280518,0.824310303,0.447998047,2,0.542031518
50,11,2,6,0.227,0.872,1,0.156280518,0.824310303,0.447998047,2,0.543956904
50,11,2,7,0.227,0.872,1,0.156280518,0.824310303,0.447998047,2,0.57228084
50,11,2,8,0.227,0.872,1,0.156280518,0.824310303,0.447998047,2,0.596518716
50,11,2,9,0.227,0.872,1,0.156280518,0.824310303,0.447998047,2,0.560725914
50,11,6,0,0.227,0.872,1,0.148651123,0.626220703,0.45401001,1,0.500760862
50,11,6,1,0.227,0.872,1,0.148651123,0.626220703,0.45401001,1,0.379158177
50,11,6,2,0.227,0.872,1,0.148651123,0.626220703,0.45401001,1,0.368465771
50,11,6,3,0.227,0.872,1,0.148651123,0.626220703,0.45401001,1,0.334533198
50,11,6,4,0.227,0.872,1,0.148651123,0.626220703,0.45401001,1,0.47410102
50,11,6,5,0.227,0.872,1,0.148651123,0.626220703,0.45401001,1,0.355224347
50,11,6,6,0.227,0.872,1,0.148651123,0.626220703,0.45401001,1,0.344651777
50,11,6,7,0.227,0.872,1,0.148651123,0.626220703,0.45401001,1,0.358339961
50,11,6,8,0.227,0.872,1,0.148651123,0.626220703,0.45401001,1,0.41020627
50,11,6,9,0.227,0.872,1,0.148651123,0.626220703,0.45401001,1,0.373410708